SPAC1002.01	Q9US57
SPAC1002.02	Q9US56
SPAC1002.03c	Q9US55
SPAC1002.04c	Q9US54
SPAC1002.05c	Q9US53
SPAC1002.06c	Q9US52
SPAC1002.07c	P79081
SPAC1002.08c	Q9US51
SPAC1002.09c	O00087
SPAC1002.10c	Q9US49
SPAC1002.11	Q9US48
SPAC1002.12c	Q9US47
SPAC1002.13c	Q9UR09
SPAC1002.14	Q9US46
SPAC1002.15c	Q9US45
SPAC1002.16c	Q9US44
SPAC1002.17c	Q9US43
SPAC1002.18	Q9US42
SPAC1002.19	Q9US41
SPAC1002.20	Q9C121
SPAC1006.01	Q9UTS0
SPAC1006.02	Q9UTR9
SPAC1006.03c	Q9UTR8
SPAC1006.04c	Q9UTR7
SPAC1006.05c	Q9UTR6
SPAC1006.06	Q9UTR5
SPAC1006.07	P47943
SPAC1006.08	Q9UTR4
SPAC1006.09	O74304
SPAC1039.01	Q9US40
SPAC1039.02	Q9US39
SPAC1039.03	Q9US38
SPAC1039.04	Q9US37
SPAC1039.05c	Q9US36
SPAC1039.06	Q9US35
SPAC1039.07c	Q9US34
SPAC1039.08	Q9US33
SPAC1039.09	P40901
SPAC1039.10	Q9UR06
SPAC1039.11c	Q9URX4
SPAC105.01c	Q9P7I1
SPAC105.02c	Q9P7I0
SPAC105.03c	Q9P7H9
SPAC1071.01c	Q10222
SPAC1071.02	Q9UTR1
SPAC1071.03c	Q9UTR0
SPAC1071.04c	Q9UTQ9
SPAC1071.05	Q9UTQ8
SPAC1071.06	Q9UTQ7
SPAC1071.07c	Q9UTQ6
SPAC1071.08	O14317
SPAC1071.09c	Q9UTQ5
SPAC1071.10c	P09627
SPAC1071.11	Q9UTQ4
SPAC1071.12c	P41893
SPAC1071.13	G2TRN1
SPAC1093.01	Q10451
SPAC1093.02	Q9UTQ1
SPAC1093.03	Q7Z9H9
SPAC1093.04c	Q9UTQ0
SPAC1093.05	Q9UTP9
SPAC1093.06c	O13290
SPAC1093.07	G2TRJ6
SPAC10F6.01c	Q1K9C2
SPAC10F6.02c	O42643
SPAC10F6.03c	O42644
SPAC10F6.04	O42645
SPAC10F6.05c	O42646
SPAC10F6.06	P87216
SPAC10F6.07c	O42647
SPAC10F6.08c	O42648
SPAC10F6.09c	O42649
SPAC10F6.10	O42650
SPAC10F6.11c	O42651
SPAC10F6.12c	P87014
SPAC10F6.13c	O42652
SPAC10F6.14c	O42653
SPAC10F6.15	O42654
SPAC10F6.16	P79058
SPAC10F6.17c	O14189
SPAC110.01	Q9HFF4
SPAC110.02	Q9HFF5
SPAC110.03	Q01112
SPAC110.04c	O59838
SPAC110.05	G2TRK5
SPAC1142.01	O13796
SPAC1142.02c	O13797
SPAC1142.03c	Q10668
SPAC1142.04	Q9P7G0
SPAC1142.05	Q9P7F9
SPAC1142.06	Q9P7F8
SPAC1142.07c	Q9P7F7
SPAC1142.08	O14270
SPAC1142.09	Q9P7F5
SPAC11D3.01c	Q10080
SPAC11D3.02c	Q10081
SPAC11D3.03c	Q10082
SPAC11D3.04c	Q10083
SPAC11D3.05	Q10084
SPAC11D3.06	Q10085
SPAC11D3.07c	Q10086
SPAC11D3.08c	Q10087
SPAC11D3.09	Q10088
SPAC11D3.10	Q10089
SPAC11D3.11c	G2TRN9
SPAC11D3.13	Q10092
SPAC11D3.14c	Q10093
SPAC11D3.15	Q10094
SPAC11D3.16c	Q10095
SPAC11D3.17	Q10096
SPAC11D3.18c	Q10097
SPAC11D3.19	G2TRM3
SPAC11E3.01c	O13682
SPAC11E3.02c	O13683
SPAC11E3.03	O13684
SPAC11E3.04c	O13685
SPAC11E3.05	O13686
SPAC11E3.06	P78926
SPAC11E3.07	O13687
SPAC11E3.08c	O13688
SPAC11E3.09	P32587
SPAC11E3.10	O13689
SPAC11E3.11c	O13690
SPAC11E3.12	O13691
SPAC11E3.13c	O13692
SPAC11E3.14	O13693
SPAC11E3.15	Q09668
SPAC11G7.01	O13695
SPAC11G7.02	Q92462
SPAC11G7.03	O13696
SPAC11G7.04	P0CH06
SPAC11G7.05c	O13698
SPAC11G7.06c	O13699
SPAC11H11.01	Q7Z992
SPAC11H11.02c	Q9UTP5
SPAC11H11.03c	Q9UTP4
SPAC11H11.04	Q00619
SPAC11H11.05c	Q9UTP3
SPAC11H11.06	Q9UUJ1
SPAC1250.01	Q9UTN6
SPAC1250.02	Q9UTN7
SPAC1250.03	Q9UTN8
SPAC1250.04c	Q9UTN9
SPAC1250.05	Q9UTP0
SPAC1250.07	A6X980
SPAC1296.01c	Q09770
SPAC1296.02	P79010
SPAC1296.03c	P32825
SPAC1296.04	O94611
SPAC1296.05c	O94612
SPAC1296.06	O94613
SPAC12B10.01c	Q10435
SPAC12B10.02c	Q10436
SPAC12B10.03	Q10437
SPAC12B10.04	Q10438
SPAC12B10.05	Q10439
SPAC12B10.06c	Q10440
SPAC12B10.07	Q10434
SPAC12B10.08c	Q10441
SPAC12B10.09	Q10442
SPAC12B10.10	Q10443
SPAC12B10.11	Q10444
SPAC12B10.12c	Q10445
SPAC12B10.13	Q10446
SPAC12B10.14c	Q10447
SPAC12B10.15c	Q10448
SPAC12B10.16c	Q10449
SPAC12G12.01c	Q09866
SPAC12G12.02	Q09867
SPAC12G12.03	Q09868
SPAC12G12.04	Q09864
SPAC12G12.05c	Q09869
SPAC12G12.06c	Q09870
SPAC12G12.07c	Q09871
SPAC12G12.08	Q09865
SPAC12G12.09	Q09872
SPAC12G12.10	Q09873
SPAC12G12.11c	Q09874
SPAC12G12.12	Q09875
SPAC12G12.13c	Q9UTN3
SPAC12G12.14c	Q9UTN4
SPAC12G12.15	Q09877
SPAC12G12.16c	Q09708
SPAC12G12.17	C6Y4B6
SPAC1327.01c	Q1MTM9
SPAC139.01c	Q9UTN2
SPAC139.02c	Q9UTN1
SPAC139.03	Q9UTN0
SPAC139.04c	Q9UTM9
SPAC139.05	Q9UTM8
SPAC139.06	Q9UTM7
SPAC1399.01c	Q9HE12
SPAC1399.02	Q9HE13
SPAC1399.03	Q10279
SPAC1399.04c	Q9HE15
SPAC1399.05c	Q9HE16
SPAC1399.06	G2TRK4
SPAC13A11.01c	Q09697
SPAC13A11.02c	Q09736
SPAC13A11.03	Q09739
SPAC13A11.04c	Q09738
SPAC13A11.05	Q09735
SPAC13A11.06	Q09737
SPAC13C5.01c	Q09682
SPAC13C5.02	Q09685
SPAC13C5.03	Q09684
SPAC13C5.04	Q09686
SPAC13C5.05c	Q09687
SPAC13C5.06c	Q09688
SPAC13C5.07	Q09683
SPAC13D1.01c	P0CT42
SPAC13D6.01	Q10223
SPAC13D6.02c	P36627
SPAC13D6.03c	Q10224
SPAC13D6.04c	Q10225
SPAC13D6.05	Q10235
SPAC13F5.01c	O13921
SPAC13F5.02c	O13701
SPAC13F5.03c	O13702
SPAC13F5.04c	O13703
SPAC13F5.05	O13704
SPAC13F5.06c	O13705
SPAC13F5.07c	O13706
SPAC13G6.01c	P36607
SPAC13G6.02c	Q09781
SPAC13G6.03	Q09782
SPAC13G6.04	Q09783
SPAC13G6.05c	Q09784
SPAC13G6.06c	Q09785
SPAC13G6.07c	P05752
SPAC13G6.08	Q09786
SPAC13G6.09	Q09787
SPAC13G6.10c	Q09788
SPAC13G6.11c	Q09780
SPAC13G6.12c	P30597
SPAC13G6.13	Q09789
SPAC13G6.14	Q09790
SPAC13G6.15c	Q09791
SPAC13G7.01c	Q10231
SPAC13G7.02c	Q10265
SPAC13G7.03	Q10267
SPAC13G7.04c	Q10268
SPAC13G7.05	Q10269
SPAC13G7.06	Q10270
SPAC13G7.07	Q10271
SPAC13G7.08c	Q10272
SPAC13G7.09c	Q10273
SPAC13G7.10	Q10274
SPAC13G7.11	Q10275
SPAC13G7.12c	Q10276
SPAC13G7.13c	Q10277
SPAC140.01	P21911
SPAC140.02	P41891
SPAC140.03	Q9P7B8
SPAC140.04	Q9P7B7
SPAC1420.01c	Q9UTM5
SPAC1420.02c	Q9UTM4
SPAC1420.03	P0CU17
SPAC1420.04c	Q9UTM2
SPAC144.01	Q9UTM1
SPAC144.02	Q9UTM0
SPAC144.03	Q02787
SPAC144.04c	Q9UQW9
SPAC144.05	Q9UTL9
SPAC144.06	Q9UTL8
SPAC144.07c	Q9UTL7
SPAC144.08	Q9UTL6
SPAC144.09c	Q9UTL5
SPAC144.10c	Q9UTL4
SPAC144.11	P0CT74
SPAC144.12	Q9UTL3
SPAC144.13c	O13286
SPAC144.14	Q9UTL2
SPAC144.15c	Q9UTL1
SPAC144.16	Q9UTL0
SPAC144.17c	Q9UTK9
SPAC144.18	Q9UTK8
SPAC1486.01	Q9UQX0
SPAC1486.02c	Q9UTK7
SPAC1486.03c	Q9UTK6
SPAC1486.04c	Q9UTK5
SPAC1486.05	Q9UTK4
SPAC1486.06	Q9UTK3
SPAC1486.07c	Q9UTK2
SPAC1486.08	Q9UTK1
SPAC1486.09	Q9UTK0
SPAC1486.10	P36598
SPAC1486.11	G2TRM0
SPAC14C4.01c	O13709
SPAC14C4.02c	O13710
SPAC14C4.03	Q10292
SPAC14C4.04	O13711
SPAC14C4.05c	O13712
SPAC14C4.06c	O13713
SPAC14C4.07	O13714
SPAC14C4.08	O13715
SPAC14C4.09	O13716
SPAC14C4.10c	O13717
SPAC14C4.11	O13718
SPAC14C4.12c	O13719
SPAC14C4.13	P50531
SPAC14C4.14	P24487
SPAC14C4.15c	Q9P7E9
SPAC14C4.16	P62505
SPAC1527.01	Q09854
SPAC1527.02	Q9P6K1
SPAC1527.03	Q9P6K0
SPAC1556.01c	Q9UTJ8
SPAC1556.02c	Q9UTJ7
SPAC1556.03	Q09189
SPAC1556.04c	Q09190
SPAC1556.05c	Q9UTJ4
SPAC1556.06	Q9UTJ3
SPAC1556.07	Q9UTJ2
SPAC1556.08c	Q10343
SPAC1565.01	Q9P3B2
SPAC1565.02c	Q9P3B1
SPAC1565.03	Q9P3B0
SPAC1565.04c	P36622
SPAC1565.05	Q9P3A9
SPAC1565.06c	P87027
SPAC1565.07c	Q9P3A8
SPAC1565.08	Q9P3A7
SPAC15A10.01	O14286
SPAC15A10.02	O13722
SPAC15A10.03c	P41410
SPAC15A10.04c	O13724
SPAC15A10.05c	O13725
SPAC15A10.06	O13726
SPAC15A10.07	O13727
SPAC15A10.08	O13728
SPAC15A10.09c	O13729
SPAC15A10.10	O13730
SPAC15A10.11	O13731
SPAC15A10.12c	O13732
SPAC15A10.13	O13733
SPAC15A10.15	O13734
SPAC15A10.16	O13735
SPAC15A10.17	G2TRM8
SPAC15E1.02c	Q9UTI9
SPAC15E1.03	Q9UTI8
SPAC15E1.04	Q9UTI7
SPAC15E1.05c	Q9UTI6
SPAC15E1.06	Q9UTI5
SPAC15E1.07c	Q9UTI4
SPAC15E1.08	Q9UTI3
SPAC15E1.09	Q9UTI2
SPAC15E1.10	Q9UTI1
SPAC15F9.01c	Q10098
SPAC15F9.02	Q10099
SPAC15F9.03c	Q10100
SPAC16.01	Q10133
SPAC16.02c	P78814
SPAC16.03c	Q9UTI0
SPAC16.04	Q9UTH9
SPAC16.05c	Q9UTH8
SPAC1610.01	O13777
SPAC1610.02c	Q9P6M9
SPAC1610.03c	Q9P6M8
SPAC1610.04	Q9P6M7
SPAC1635.01	Q9P544
SPAC1639.01c	Q7LKX0
SPAC1639.02c	Q10065
SPAC167.01	O94537
SPAC167.02	P46960
SPAC167.03c	O94538
SPAC167.04	O94539
SPAC167.05	P87132
SPAC167.06c	P87133
SPAC167.07c	Q1K9C4
SPAC167.08	P0CT35
SPAC167.09	C6Y4B3
SPAC1687.01	Q09177
SPAC1687.02	O94448
SPAC1687.03c	O94449
SPAC1687.04	O94450
SPAC1687.05	O94451
SPAC1687.06c	O14069
SPAC1687.07	O14068
SPAC1687.08	O14067
SPAC1687.09	O14066
SPAC1687.10	O94452
SPAC1687.11	O42832
SPAC1687.12c	O94453
SPAC1687.13c	O94454
SPAC1687.14c	O94455
SPAC1687.15	Q10452
SPAC1687.16c	O94457
SPAC1687.17c	O94458
SPAC1687.18c	O94459
SPAC1687.19c	O94460
SPAC1687.20c	P87227
SPAC1687.21	O94461
SPAC1687.22c	O94462
SPAC1687.23c	Q9C118
SPAC16A10.01	P87293
SPAC16A10.02	P87294
SPAC16A10.03c	P87295
SPAC16A10.04	Q874R1
SPAC16A10.05c	P87297
SPAC16A10.06c	Q4PIR3
SPAC16A10.07c	P79005
SPAC16A10.08c	P87299
SPAC16C9.01c	Q09839
SPAC16C9.02c	Q09816
SPAC16C9.03	Q09817
SPAC16C9.04c	Q09818
SPAC16C9.05	Q09819
SPAC16C9.06c	Q09820
SPAC16C9.07	Q09815
SPAC16E8.01	O13736
SPAC16E8.02	O13737
SPAC16E8.03	O13738
SPAC16E8.04c	O13739
SPAC16E8.05c	O13740
SPAC16E8.06c	O13741
SPAC16E8.07c	O13742
SPAC16E8.08	O13743
SPAC16E8.09	P40995
SPAC16E8.10c	O13744
SPAC16E8.11c	O13745
SPAC16E8.12c	Q9C117
SPAC16E8.13	O13747
SPAC16E8.14c	O13748
SPAC16E8.15	P78954
SPAC16E8.16	O13749
SPAC16E8.17c	O13750
SPAC16E8.18	O13746
SPAC16E8.18c	G2TRM7
SPAC1705.02	Q9UTF0
SPAC1705.03c	O13960
SPAC1751.01c	O14367
SPAC1751.02c	Q9US30
SPAC1751.03	Q09722
SPAC1751.04	Q8TFI0
SPAC1782.01	Q9P7H8
SPAC1782.02c	Q9P7H7
SPAC1782.03	Q9P7H6
SPAC1782.04	Q9P7H5
SPAC1782.05	Q9P7H4
SPAC1782.06c	Q9P7H3
SPAC1782.07	P50523
SPAC1782.08c	Q9P7H2
SPAC1782.09c	Q9P7H1
SPAC1782.10c	Q9P7H0
SPAC1782.11	Q9P7G9
SPAC1782.12c	Q9P7G8
SPAC1783.01	Q9US28
SPAC1783.02c	Q9US27
SPAC1783.03	Q9US26
SPAC1783.04c	Q9UR39
SPAC1783.05	Q9US25
SPAC1783.06c	Q9US24
SPAC1783.07c	Q01663
SPAC1783.08c	Q9US22
SPAC1786.01c	O14115
SPAC1786.02	Q9UTH5
SPAC1786.03	O13961
SPAC1786.04	Q9C116
SPAC17A2.01	P33532
SPAC17A2.02c	O13752
SPAC17A2.03c	O13753
SPAC17A2.04c	O13754
SPAC17A2.05	O13755
SPAC17A2.06c	O13756
SPAC17A2.07c	O13757
SPAC17A2.08c	O13758
SPAC17A2.09c	O13759
SPAC17A2.10c	O13760
SPAC17A2.11	O13761
SPAC17A2.12	O13762
SPAC17A2.13c	P42657
SPAC17A2.14	O13779
SPAC17A5.01	O13764
SPAC17A5.02c	O13765
SPAC17A5.03	P40372
SPAC17A5.04c	O13766
SPAC17A5.05c	O13767
SPAC17A5.06	O13768
SPAC17A5.07c	O13769
SPAC17A5.08	O13770
SPAC17A5.09c	O13771
SPAC17A5.10	O13772
SPAC17A5.11	P40384
SPAC17A5.12	O13773
SPAC17A5.13	O13774
SPAC17A5.14	P40383
SPAC17A5.15c	O13775
SPAC17A5.16	O13776
SPAC17A5.18c	Q9C115
SPAC17A5.19	G2TRK1
SPAC17C9.01c	P10505
SPAC17C9.02c	Q10474
SPAC17C9.03	Q10475
SPAC17C9.05c	Q10477
SPAC17C9.06	Q10478
SPAC17C9.07	Q10479
SPAC17C9.08	Q10480
SPAC17C9.09c	Q10481
SPAC17C9.10	Q10482
SPAC17C9.11c	Q10483
SPAC17C9.12	Q10484
SPAC17C9.13c	P38937
SPAC17C9.14	Q10485
SPAC17C9.15c	Q10486
SPAC17C9.16c	Q10487
SPAC17D4.01	P78798
SPAC17D4.02	O74113
SPAC17D4.03c	Q9HGQ3
SPAC17D4.04	Q9HGQ2
SPAC17G6.02c	O13780
SPAC17G6.03	O13781
SPAC17G6.04c	O13782
SPAC17G6.05c	O13783
SPAC17G6.06	O13784
SPAC17G6.07c	O13785
SPAC17G6.08	O13786
SPAC17G6.09	O13787
SPAC17G6.10	O13788
SPAC17G6.11c	O13789
SPAC17G6.12	O13790
SPAC17G6.13	O13791
SPAC17G6.14c	O13792
SPAC17G6.15c	O13793
SPAC17G6.16c	O13794
SPAC17G6.17	O13795
SPAC17G8.01c	Q10313
SPAC17G8.02	Q10314
SPAC17G8.03c	Q10315
SPAC17G8.04c	Q10316
SPAC17G8.05	Q10317
SPAC17G8.06c	Q10318
SPAC17G8.07	Q10319
SPAC17G8.08c	Q10320
SPAC17G8.09	Q10321
SPAC17G8.10c	Q10322
SPAC17G8.11c	Q10323
SPAC17G8.12	Q10324
SPAC17G8.13c	Q10325
SPAC17G8.14c	P36582
SPAC17G8.15	G2TRL2
SPAC17H9.01	O13798
SPAC17H9.02	O13799
SPAC17H9.03c	O13800
SPAC17H9.04c	O13801
SPAC17H9.05	O13802
SPAC17H9.06c	O13803
SPAC17H9.07	O13804
SPAC17H9.08	O13805
SPAC17H9.09c	P08647
SPAC17H9.10c	O13807
SPAC17H9.11	O13808
SPAC17H9.12c	O13809
SPAC17H9.13c	O13810
SPAC17H9.14c	O13811
SPAC17H9.16	O13813
SPAC17H9.17c	O13814
SPAC17H9.18c	O13815
SPAC17H9.19c	Q10990
SPAC17H9.20	O13816
SPAC1805.01c	Q9UTH3
SPAC1805.02c	Q9UTH2
SPAC1805.03c	Q9UTH1
SPAC1805.04	Q9UTH0
SPAC1805.05	O74135
SPAC1805.06c	P78974
SPAC1805.07c	Q9UTG8
SPAC1805.08	Q9UTS6
SPAC1805.09c	Q9UTG6
SPAC1805.10	Q9UTG5
SPAC1805.11c	Q9UTG4
SPAC1805.12c	P0CH07
SPAC1805.13	O94238
SPAC1805.14	Q9UTG3
SPAC1805.15c	Q9UTG2
SPAC1805.16c	Q9UTG1
SPAC1805.17	P14068
SPAC1805.18	G2TRL5
SPAC1834.01	P79063
SPAC1834.02	Q9P7R0
SPAC1834.03c	P09322
SPAC1834.04	P09988
SPAC1834.05	Q9P7Q9
SPAC1834.06c	Q9P7Q8
SPAC1834.07	Q9US60
SPAC1834.08	Q9P7Q7
SPAC1834.09	Q9P7Q6
SPAC1834.10c	Q9P7Q5
SPAC1834.11c	Q9P7Q4
SPAC1834.13	G2TRJ7
SPAC1851.02	Q9US20
SPAC1851.03	P40232
SPAC1851.04c	O42656
SPAC186.01	Q9P7Q2
SPAC186.02c	Q9P7Q1
SPAC186.03	P87015
SPAC186.04c	G2TRL1
SPAC186.05c	Q9P7Q0
SPAC186.06	Q9P7P9
SPAC186.07c	Q9P7P8
SPAC186.08c	Q9P7P7
SPAC186.09	Q9P7P6
SPAC18B11.02c	Q09709
SPAC18B11.03c	Q09710
SPAC18B11.04	Q09711
SPAC18B11.05	Q09712
SPAC18B11.06	Q09713
SPAC18B11.07c	P23566
SPAC18B11.08c	Q09714
SPAC18B11.09c	Q09707
SPAC18B11.10	Q09715
SPAC18B11.11	Q09716
SPAC18G6.01c	Q10102
SPAC18G6.02c	Q10103
SPAC18G6.03	P17610
SPAC18G6.04c	Q10104
SPAC18G6.05c	Q10105
SPAC18G6.06	Q10106
SPAC18G6.07c	Q10107
SPAC18G6.09c	Q10108
SPAC18G6.10	Q10109
SPAC18G6.11c	Q10110
SPAC18G6.12c	Q10111
SPAC18G6.13	Q10112
SPAC18G6.14c	Q10101
SPAC18G6.15	Q10113
SPAC1952.01	O13883
SPAC1952.02	Q9UUK4
SPAC1952.03	Q9UUK3
SPAC1952.04c	Q8J1M8
SPAC1952.05	Q9UUK2
SPAC1952.06c	Q9UUK1
SPAC1952.07	P22193
SPAC1952.08c	Q9UUK0
SPAC1952.09c	Q9UUJ9
SPAC1952.10c	Q9UUJ8
SPAC1952.11c	O00084
SPAC1952.12c	Q9UUJ7
SPAC1952.13	Q9UUJ6
SPAC1952.14c	Q9UUJ5
SPAC1952.15c	Q9UUJ4
SPAC1952.16	Q9UUJ3
SPAC1952.17c	Q9URY3
SPAC19A8.01c	O13817
SPAC19A8.02	O13818
SPAC19A8.03	O13819
SPAC19A8.04	O13820
SPAC19A8.05c	O13821
SPAC19A8.06	O13822
SPAC19A8.07c	O13823
SPAC19A8.08	O13824
SPAC19A8.09	O13825
SPAC19A8.10	O13826
SPAC19A8.11c	O13827
SPAC19A8.12	O13828
SPAC19A8.13	O13829
SPAC19A8.14	O13830
SPAC19A8.15	O13831
SPAC19A8.16	G2TRL4
SPAC19B12.01	O36033
SPAC19B12.02c	Q9P378
SPAC19B12.03	Q9P377
SPAC19B12.04	P0CT62
SPAC19B12.05c	Q9P376
SPAC19B12.06c	Q9P375
SPAC19B12.07c	Q9P374
SPAC19B12.08	Q9P373
SPAC19B12.09	Q9P372
SPAC19B12.10	Q9P371
SPAC19B12.11c	Q9P370
SPAC19B12.12c	P0CU08
SPAC19B12.13	Q86ZU7
SPAC19D5.01	P32586
SPAC19D5.02c	Q1K9B6
SPAC19D5.03	O13833
SPAC19D5.04	O13834
SPAC19D5.05c	O13835
SPAC19D5.06c	O13836
SPAC19D5.07	O13837
SPAC19D5.09c	P0CT43
SPAC19D5.10c	Q65ZA5
SPAC19D5.11c	Q65ZA6
SPAC19E9.01c	O13838
SPAC19E9.02	O13839
SPAC19E9.03	P87049
SPAC19G12.01c	O42839
SPAC19G12.02c	P54280
SPAC19G12.03	O13842
SPAC19G12.04	O13843
SPAC19G12.05	O13844
SPAC19G12.06c	P04910
SPAC19G12.07c	O13845
SPAC19G12.08	O13846
SPAC19G12.09	O13848
SPAC19G12.10c	O13849
SPAC19G12.11	O13850
SPAC19G12.12	O13851
SPAC19G12.13c	O13852
SPAC19G12.14	O13853
SPAC19G12.15c	P78875
SPAC19G12.16c	O13854
SPAC19G12.17	G2TRN4
SPAC1A6.01c	O13855
SPAC1A6.02	O13856
SPAC1A6.03c	O13857
SPAC1A6.04c	P78854
SPAC1A6.05c	Q9Y827
SPAC1A6.06c	Q9Y826
SPAC1A6.07	O13858
SPAC1A6.08c	O13859
SPAC1A6.09c	P78970
SPAC1A6.10	O13861
SPAC1A6.11	Q9C114
SPAC1B1.01	O13862
SPAC1B1.02c	O13863
SPAC1B1.03c	O13864
SPAC1B1.04c	O13865
SPAC1B2.02c	Q9UTF8
SPAC1B2.03c	Q9UTF7
SPAC1B2.04	Q9UTF6
SPAC1B2.05	P41389
SPAC1B2.06	G2TRL6
SPAC1B3.01c	O13867
SPAC1B3.02c	O13868
SPAC1B3.03c	Q11004
SPAC1B3.04c	O13869
SPAC1B3.05	O13870
SPAC1B3.06c	O13871
SPAC1B3.07c	O13872
SPAC1B3.08	O13873
SPAC1B3.09c	O13874
SPAC1B3.10c	O13875
SPAC1B3.11c	O13876
SPAC1B3.12c	O13877
SPAC1B3.13	O13878
SPAC1B3.14	P50515
SPAC1B3.15c	O13879
SPAC1B3.16c	O13880
SPAC1B3.17	O13881
SPAC1B3.18c	O13882
SPAC1B3.20	Q9Y7I1
SPAC1B3.21	G2TRJ9
SPAC1B9.02c	P50530
SPAC1B9.03c	O14206
SPAC1D4.01	Q10148
SPAC1D4.02c	Q10149
SPAC1D4.03c	Q10150
SPAC1D4.04	Q10147
SPAC1D4.05c	Q10151
SPAC1D4.06c	P36615
SPAC1D4.08	Q10153
SPAC1D4.09c	Q10154
SPAC1D4.10	Q10155
SPAC1D4.11c	Q10156
SPAC1D4.12	P26659
SPAC1D4.13	P10506
SPAC1D4.14	Q09779
SPAC1F12.02c	Q10344
SPAC1F12.04c	Q10346
SPAC1F12.05	Q10347
SPAC1F12.06c	Q10348
SPAC1F12.07	Q10349
SPAC1F12.08	Q10350
SPAC1F12.09	Q10351
SPAC1F12.10c	Q10352
SPAC1F3.01	Q10146
SPAC1F3.02c	Q10407
SPAC1F3.03	Q10408
SPAC1F3.04c	Q10409
SPAC1F3.05	Q10410
SPAC1F3.06c	Q10411
SPAC1F3.07c	Q10412
SPAC1F3.08c	Q10413
SPAC1F3.09	Q10414
SPAC1F3.10c	Q10415
SPAC1F5.02	Q10057
SPAC1F5.03c	Q10058
SPAC1F5.04c	Q10059
SPAC1F5.05c	Q10060
SPAC1F5.06	Q10061
SPAC1F5.07c	Q10062
SPAC1F5.08c	Q10063
SPAC1F5.09c	Q10056
SPAC1F5.10	Q10055
SPAC1F5.11c	Q10064
SPAC1F7.01c	Q09915
SPAC1F7.02c	Q09916
SPAC1F7.03	Q09917
SPAC1F7.04	Q09914
SPAC1F7.05	P36602
SPAC1F7.06	Q09918
SPAC1F7.07c	Q09919
SPAC1F7.08	Q09920
SPAC1F7.09c	Q09913
SPAC1F7.10	Q09921
SPAC1F7.11c	Q09922
SPAC1F7.12	Q09923
SPAC1F7.13c	P0CT70
SPAC1F7.14c	S6CCW2
SPAC1F8.01	Q92339
SPAC1F8.02c	Q92340
SPAC1F8.03c	Q92341
SPAC1F8.04c	Q92342
SPAC1F8.05	P40899
SPAC1F8.06	Q92344
SPAC1F8.07c	Q92345
SPAC1F8.08	Q9C113
SPAC20G4.01	Q7Z991
SPAC20G4.02c	Q10719
SPAC20G4.03c	O13889
SPAC20G4.04c	P78955
SPAC20G4.05c	O13890
SPAC20G4.06c	P78929
SPAC20G4.07c	P36209
SPAC20G4.08	O13892
SPAC20G4.09	C6Y4B1
SPAC20G8.01	P12000
SPAC20G8.02	P87109
SPAC20G8.03	P87110
SPAC20G8.04c	P87111
SPAC20G8.05c	Q09822
SPAC20G8.06	P87112
SPAC20G8.07c	P87113
SPAC20G8.08c	P87114
SPAC20G8.09c	P87115
SPAC20G8.10c	P87117
SPAC20H4.01	Q9HE11
SPAC20H4.02	Q9HE10
SPAC20H4.03c	P49373
SPAC20H4.04	Q9HE09
SPAC20H4.05c	Q9HE08
SPAC20H4.06c	Q9HE07
SPAC20H4.07	Q9UUL2
SPAC20H4.08	Q7LKV1
SPAC20H4.09	Q9HE06
SPAC20H4.10	Q9HE05
SPAC20H4.11c	Q9HE04
SPAC212.01c	P0CT98
SPAC212.02	Q9HGQ0
SPAC212.03	Q9HGP9
SPAC212.04c	Q9HGP8
SPAC212.06c	G2TRN7
SPAC212.08c	Q9HGP7
SPAC212.11	P0CT33
SPAC212.12	C6Y4B5
SPAC21E11.03c	Q09926
SPAC21E11.04	Q09927
SPAC21E11.05c	Q09928
SPAC21E11.06	Q09924
SPAC21E11.07	Q09929
SPAC21E11.08	Q09925
SPAC222.03c	Q9UTE9
SPAC222.04c	Q9UTE8
SPAC222.05c	Q9UTE7
SPAC222.06	Q9UTE6
SPAC222.07c	Q9UTE5
SPAC222.08c	Q9UTE4
SPAC222.09	Q9UTE3
SPAC222.10c	Q10951
SPAC222.11	Q9UTE2
SPAC222.12c	P22068
SPAC222.13c	Q9UTE1
SPAC222.14c	Q9UTE0
SPAC222.15	Q9HGK2
SPAC222.16c	Q9UT51
SPAC222.17	C6Y4B9
SPAC222.18	C6Y4C0
SPAC222.19	G2TRJ4
SPAC227.01c	Q9UTD8
SPAC227.02c	Q9UTD7
SPAC227.03c	Q9UTD6
SPAC227.04	Q9UTD5
SPAC227.05	Q9UTD4
SPAC227.06	Q9UTD3
SPAC227.07c	Q12702
SPAC227.08c	Q9UTD1
SPAC227.09	Q9UTD0
SPAC227.10	Q9UTC9
SPAC227.11c	Q9UTC8
SPAC227.12	Q9UTC7
SPAC227.13c	Q9UTC6
SPAC227.14	Q9UTC5
SPAC227.15	Q9UTC4
SPAC227.16c	Q9UTC3
SPAC227.17c	Q9UTC2
SPAC227.18	Q09694
SPAC227.19c	C6Y4B7
SPAC22A12.01c	Q10264
SPAC22A12.02c	O13894
SPAC22A12.03c	O13895
SPAC22A12.04c	P0CT58
SPAC22A12.05	O13896
SPAC22A12.06c	O13897
SPAC22A12.07c	O13898
SPAC22A12.08c	O13899
SPAC22A12.09c	O13900
SPAC22A12.10	O13901
SPAC22A12.11	O13902
SPAC22A12.12c	O13903
SPAC22A12.13	O13904
SPAC22A12.14c	O13905
SPAC22A12.15c	P36604
SPAC22A12.16	O13907
SPAC22A12.17c	O13908
SPAC22E12.01	Q10354
SPAC22E12.02	Q10355
SPAC22E12.03c	Q10356
SPAC22E12.04	Q10357
SPAC22E12.05c	Q10358
SPAC22E12.06c	Q10359
SPAC22E12.07	P41391
SPAC22E12.08	Q10360
SPAC22E12.09c	Q09175
SPAC22E12.10c	Q10361
SPAC22E12.11c	Q10362
SPAC22E12.13c	Q10353
SPAC22E12.14c	Q10364
SPAC22E12.16c	Q10366
SPAC22E12.17c	Q10367
SPAC22E12.18	Q10368
SPAC22E12.19	Q10369
SPAC22F3.02	Q09771
SPAC22F3.03c	Q09772
SPAC22F3.04	Q09773
SPAC22F3.05c	Q09767
SPAC22F3.06c	Q09769
SPAC22F3.07c	Q09774
SPAC22F3.08c	Q09775
SPAC22F3.09c	P41412
SPAC22F3.10c	Q09768
SPAC22F3.11c	Q09776
SPAC22F3.12c	Q09777
SPAC22F3.13	Q09778
SPAC22F3.15	C6Y4B8
SPAC22F8.02c	Q9UUJ0
SPAC22F8.03c	Q9UUI9
SPAC22F8.04	Q9UUI8
SPAC22F8.05	Q9UUI7
SPAC22F8.06	Q9UQY2
SPAC22F8.07c	Q9UUI6
SPAC22F8.08	Q9UUI5
SPAC22F8.09	Q9UUI4
SPAC22F8.10c	Q9UUI3
SPAC22F8.11	P40977
SPAC22F8.12c	Q9UUI2
SPAC22G7.01c	Q09795
SPAC22G7.02	Q09796
SPAC22G7.03	Q09797
SPAC22G7.04	Q09798
SPAC22G7.05	Q09799
SPAC22G7.06c	Q09794
SPAC22G7.07c	Q09800
SPAC22G7.08	Q09792
SPAC22G7.09c	Q09793
SPAC22G7.10	Q09801
SPAC22G7.11c	Q09802
SPAC22H10.02	Q10296
SPAC22H10.03c	Q10297
SPAC22H10.04	Q10298
SPAC22H10.05c	Q10299
SPAC22H10.06c	Q10300
SPAC22H10.07	P40996
SPAC22H10.08	Q10301
SPAC22H10.09	Q10302
SPAC22H10.10	Q10303
SPAC22H10.11c	Q10304
SPAC22H10.12c	Q10305
SPAC22H10.13	Q9UTC0
SPAC22H12.01c	O94435
SPAC22H12.02	O94436
SPAC22H12.03	O94437
SPAC22H12.04c	O94438
SPAC22H12.05c	O94439
SPAC23A1.02c	O42841
SPAC23A1.03	O42842
SPAC23A1.04c	O94726
SPAC23A1.05	O42843
SPAC23A1.06c	O42844
SPAC23A1.07	O42845
SPAC23A1.08c	O42846
SPAC23A1.09	O42847
SPAC23A1.10	P0CT54
SPAC23A1.11	O42848
SPAC23A1.12c	O42849
SPAC23A1.14c	O42851
SPAC23A1.15c	O42852
SPAC23A1.16c	O42853
SPAC23A1.17	O42854
SPAC23A1.18c	O42855
SPAC23A1.19c	O13983
SPAC23C11.01	O13909
SPAC23C11.02c	P0CT75
SPAC23C11.03	O13910
SPAC23C11.04c	O13911
SPAC23C11.05	P19117
SPAC23C11.06c	O13912
SPAC23C11.07	O13913
SPAC23C11.08	P36611
SPAC23C11.09	O13914
SPAC23C11.10	O13915
SPAC23C11.11	P40231
SPAC23C11.12	O13916
SPAC23C11.13c	O13917
SPAC23C11.14	O13918
SPAC23C11.15	O13919
SPAC23C11.16	P50528
SPAC23C11.17	O13920
SPAC23C4.02	O13923
SPAC23C4.03	O13924
SPAC23C4.04c	A6X970
SPAC23C4.05c	O94559
SPAC23C4.06c	O13926
SPAC23C4.07	O13927
SPAC23C4.08	O13928
SPAC23C4.09c	O13929
SPAC23C4.10	O13930
SPAC23C4.11	O13931
SPAC23C4.12	P40236
SPAC23C4.13	O13932
SPAC23C4.14	O13933
SPAC23C4.15	Q09191
SPAC23C4.16c	O13934
SPAC23C4.17	O13935
SPAC23C4.18c	P32372
SPAC23C4.19	O13936
SPAC23D3.01	Q09842
SPAC23D3.02	Q09843
SPAC23D3.03c	Q09844
SPAC23D3.04c	Q09845
SPAC23D3.06c	Q09847
SPAC23D3.07	Q09841
SPAC23D3.08	Q09848
SPAC23D3.09	Q09849
SPAC23D3.10c	Q09850
SPAC23D3.11	Q09851
SPAC23D3.12	Q09852
SPAC23D3.13c	Q09853
SPAC23D3.14c	Q09840
SPAC23D3.16	C6Y4A8
SPAC23D3.17	C6Y4A9
SPAC23E2.01	Q10134
SPAC23E2.02	Q10135
SPAC23E2.03c	Q10136
SPAC23G3.01	Q02061
SPAC23G3.02c	Q9P7T1
SPAC23G3.03	Q9P7T0
SPAC23G3.04	Q9P7S9
SPAC23G3.05c	Q9P7S8
SPAC23G3.06	Q9P7S7
SPAC23G3.07c	Q9P7S6
SPAC23G3.08c	Q9P7S5
SPAC23G3.09	Q9P7S4
SPAC23G3.10c	Q9P7S3
SPAC23G3.11	Q9P7S2
SPAC23G3.12c	Q9P7S1
SPAC23H3.02c	Q9UTB8
SPAC23H3.03c	O42857
SPAC23H3.04	O13938
SPAC23H3.05c	O42858
SPAC23H3.06	O13939
SPAC23H3.07c	O42859
SPAC23H3.08c	O42860
SPAC23H3.09c	O13940
SPAC23H3.10	O14470
SPAC23H3.11c	O13941
SPAC23H3.12c	O13942
SPAC23H3.13c	Q04665
SPAC23H3.14	O13943
SPAC23H3.15c	P78890
SPAC23H4.01c	O13944
SPAC23H4.02	O13945
SPAC23H4.03c	O13946
SPAC23H4.04	O13947
SPAC23H4.05c	O13948
SPAC23H4.06	Q09179
SPAC23H4.07c	O13950
SPAC23H4.08	O13951
SPAC23H4.09	Q09184
SPAC23H4.10c	P40386
SPAC23H4.11c	O13952
SPAC23H4.12	O13953
SPAC23H4.13c	O13954
SPAC23H4.14	O13955
SPAC23H4.15	O13956
SPAC23H4.16c	O13957
SPAC23H4.17c	O13958
SPAC23H4.18c	O13959
SPAC23H4.21	C6Y4B4
SPAC24B11.05	Q09893
SPAC24B11.06c	Q09892
SPAC24B11.07c	Q09894
SPAC24B11.08c	Q09895
SPAC24B11.09	Q09896
SPAC24B11.10c	Q09897
SPAC24B11.11c	Q09898
SPAC24B11.12c	Q09891
SPAC24B11.13	Q09899
SPAC24B11.14	Q9UR21
SPAC24C9.02c	O13962
SPAC24C9.03	O13963
SPAC24C9.04	O13964
SPAC24C9.05c	O13965
SPAC24C9.06c	O13966
SPAC24C9.07c	O13967
SPAC24C9.08	O13968
SPAC24C9.09	O13969
SPAC24C9.10c	O13970
SPAC24C9.11	O13971
SPAC24C9.12c	O13972
SPAC24C9.13c	O13973
SPAC24C9.14	O13974
SPAC24C9.15c	P48010
SPAC24C9.16c	Q9P4W1
SPAC24H6.01c	Q09758
SPAC24H6.02c	Q09759
SPAC24H6.03	Q09760
SPAC24H6.04	Q09756
SPAC24H6.05	P06652
SPAC24H6.06	Q09761
SPAC24H6.07	Q09757
SPAC24H6.08	Q09762
SPAC24H6.09	Q09763
SPAC24H6.10c	Q09755
SPAC24H6.11c	Q09764
SPAC24H6.12c	Q09765
SPAC24H6.13	Q09766
SPAC25A8.01c	O42861
SPAC25A8.02	O42862
SPAC25A8.03c	O14138
SPAC25B8.01	O13995
SPAC25B8.02	Q9UTB6
SPAC25B8.03	Q9UTB5
SPAC25B8.04c	Q9UTB4
SPAC25B8.05	Q9UTB3
SPAC25B8.06c	Q9UTB2
SPAC25B8.07c	Q9UTB1
SPAC25B8.08	Q9UTB0
SPAC25B8.09	Q9UTA9
SPAC25B8.10	Q9UTA8
SPAC25B8.11	Q9UTA7
SPAC25B8.12c	Q9UTA6
SPAC25B8.13c	P40902
SPAC25B8.14	Q10290
SPAC25B8.15c	Q9UTA5
SPAC25B8.16	Q9UTA4
SPAC25B8.17	Q9UTA3
SPAC25B8.18	Q9UTA2
SPAC25B8.19c	Q9UTA1
SPAC25B8.20	G2TRN5
SPAC25G10.01	Q10422
SPAC25G10.02	Q10423
SPAC25G10.03	Q10424
SPAC25G10.04c	Q09823
SPAC25G10.05c	P40373
SPAC25G10.06	P0CT79
SPAC25G10.07c	P24339
SPAC25G10.08	Q10425
SPAC25G10.09c	Q10172
SPAC25H1.02	O13977
SPAC25H1.03	O13978
SPAC25H1.04	O13979
SPAC25H1.05	O13980
SPAC25H1.06	Q9Y825
SPAC25H1.07	O13981
SPAC25H1.08c	O13982
SPAC25H1.09	O14154
SPAC25H1.10c	C6Y4A3
SPAC26A3.01	P32834
SPAC26A3.02	Q10159
SPAC26A3.03c	Q10160
SPAC26A3.04	P0CT69
SPAC26A3.05	Q10161
SPAC26A3.06	Q10162
SPAC26A3.07c	P0CT77
SPAC26A3.08	Q10163
SPAC26A3.09c	Q10164
SPAC26A3.10	Q10165
SPAC26A3.11	Q10166
SPAC26A3.12c	P40848
SPAC26A3.13c	P0CT37
SPAC26A3.14c	Q10167
SPAC26A3.15c	Q10168
SPAC26A3.16	Q10169
SPAC26A3.17c	Q10170
SPAC26F1.01	Q10491
SPAC26F1.02	Q10492
SPAC26F1.03	Q10489
SPAC26F1.04c	Q10488
SPAC26F1.05	Q10493
SPAC26F1.06	P36623
SPAC26F1.07	Q10494
SPAC26F1.08c	Q10495
SPAC26F1.09	Q10496
SPAC26F1.10c	P27574
SPAC26F1.11	Q10497
SPAC26F1.12c	Q10498
SPAC26F1.13c	Q10490
SPAC26F1.14c	Q10499
SPAC26H5.02c	O13984
SPAC26H5.03	O13985
SPAC26H5.04	O13986
SPAC26H5.05	O13987
SPAC26H5.06	O13988
SPAC26H5.07c	O13989
SPAC26H5.08c	O13990
SPAC26H5.09c	O13991
SPAC26H5.10c	P56289
SPAC26H5.11	O13992
SPAC26H5.12	O13993
SPAC26H5.13c	O13994
SPAC27D7.02c	O42657
SPAC27D7.03c	P08965
SPAC27D7.04	O42658
SPAC27D7.05c	O42659
SPAC27D7.06	P78790
SPAC27D7.07c	O42661
SPAC27D7.08c	O42662
SPAC27D7.09c	O42663
SPAC27D7.11c	O42665
SPAC27D7.12c	O42666
SPAC27D7.13c	O42667
SPAC27D7.14c	O42668
SPAC27E2.01	O13996
SPAC27E2.02	O13997
SPAC27E2.03c	O13998
SPAC27E2.04c	O13999
SPAC27E2.05	P87324
SPAC27E2.06c	O14000
SPAC27E2.07	O14001
SPAC27E2.08	P0CT39
SPAC27E2.09	O14002
SPAC27E2.10c	O14003
SPAC27E2.11c	Q9UTA0
SPAC27E2.12	Q2EEM0
SPAC27E2.14	C6Y4B0
SPAC27F1.02c	Q02088
SPAC27F1.03c	Q10171
SPAC27F1.04c	Q10173
SPAC27F1.05c	Q10174
SPAC27F1.06c	Q10175
SPAC27F1.07	Q10176
SPAC27F1.08	Q10177
SPAC27F1.09c	Q10178
SPAC27F1.10	Q9C112
SPAC29A4.02c	P40921
SPAC29A4.03c	O14006
SPAC29A4.04c	O14007
SPAC29A4.05	O14008
SPAC29A4.06c	O14009
SPAC29A4.07	O14010
SPAC29A4.08c	O14011
SPAC29A4.09	O14012
SPAC29A4.10	O14013
SPAC29A4.11	O14014
SPAC29A4.12c	O14015
SPAC29A4.13	O14016
SPAC29A4.14c	O14017
SPAC29A4.15	O14018
SPAC29A4.16	O14019
SPAC29A4.17c	O14020
SPAC29A4.18	O14021
SPAC29A4.19c	O14022
SPAC29A4.20	O14023
SPAC29A4.22	G2TRK2
SPAC29B12.01	O14148
SPAC29B12.02c	O14026
SPAC29B12.03	Q10585
SPAC29B12.04	O14027
SPAC29B12.05c	O14028
SPAC29B12.06c	Q92368
SPAC29B12.07	O14029
SPAC29B12.08	O14030
SPAC29B12.10c	O14031
SPAC29B12.11c	O14032
SPAC29B12.12	O14033
SPAC29B12.13	O14034
SPAC29B12.14c	O14035
SPAC29E6.01	Q09855
SPAC29E6.02	Q09856
SPAC29E6.03c	Q09857
SPAC29E6.04	Q09858
SPAC29E6.05c	Q09859
SPAC29E6.06c	Q09860
SPAC29E6.07	Q09861
SPAC29E6.08	P17871
SPAC29E6.09	Q09862
SPAC29E6.10c	Q09863
SPAC2C4.03c	O14036
SPAC2C4.04c	O14037
SPAC2C4.05	O14038
SPAC2C4.06c	O14039
SPAC2C4.07c	O14040
SPAC2C4.08	O14041
SPAC2C4.09	O14042
SPAC2C4.10c	O14043
SPAC2C4.11c	O14044
SPAC2C4.12c	O14045
SPAC2C4.13	O14046
SPAC2C4.14c	O14047
SPAC2C4.15c	O14048
SPAC2C4.16c	O14049
SPAC2C4.17c	O14050
SPAC2E12.02	Q02953
SPAC2E12.03c	Q10227
SPAC2E1P3.01	Q9P7F4
SPAC2E1P3.02c	Q9P7F3
SPAC2E1P3.03c	P0CT36
SPAC2E1P3.04	Q9P7F2
SPAC2E1P3.05c	Q9P7F1
SPAC2E1P5.01c	Q9P7C3
SPAC2E1P5.02c	Q9P7C2
SPAC2E1P5.03	Q9P7C1
SPAC2E1P5.04c	P32434
SPAC2E1P5.05	Q9P7C0
SPAC2F3.01	O14084
SPAC2F3.02	O14085
SPAC2F3.03c	O14086
SPAC2F3.04c	O14087
SPAC2F3.05c	O14088
SPAC2F3.06c	O14089
SPAC2F3.07c	O14090
SPAC2F3.08	O14091
SPAC2F3.09	O14092
SPAC2F3.10	O14093
SPAC2F3.11	O14094
SPAC2F3.12c	O14095
SPAC2F3.13c	O14096
SPAC2F3.14c	O14097
SPAC2F3.15	O14098
SPAC2F3.16	O14099
SPAC2F3.17c	Q9UUI1
SPAC2F3.18c	Q8NIQ1
SPAC2F7.02c	Q09695
SPAC2F7.03c	Q09690
SPAC2F7.04	Q09696
SPAC2F7.05c	Q09689
SPAC2F7.06c	Q09693
SPAC2F7.07c	Q09698
SPAC2F7.08c	Q09699
SPAC2F7.09c	Q09700
SPAC2F7.10	Q09701
SPAC2F7.11	Q09702
SPAC2F7.13c	Q09692
SPAC2F7.14c	Q09704
SPAC2F7.15	Q09705
SPAC2F7.16c	Q09706
SPAC2F7.17	Q09691
SPAC2G11.02	Q09804
SPAC2G11.03c	Q09805
SPAC2G11.04	Q09806
SPAC2G11.05c	Q09807
SPAC2G11.06	Q09803
SPAC2G11.07c	Q09173
SPAC2G11.08c	Q09808
SPAC2G11.09	Q09809
SPAC2G11.10c	Q09810
SPAC2G11.11c	Q03319
SPAC2G11.12	Q09811
SPAC2G11.13	Q09812
SPAC2G11.14	Q09813
SPAC2G11.15c	Q09814
SPAC2H10.01	O94392
SPAC2H10.02c	O94393
SPAC2H10.04	G2TRK3
SPAC30.01c	Q9P7V5
SPAC30.02c	Q9P7V4
SPAC30.03c	Q9P7V3
SPAC30.04c	Q9P7V2
SPAC30C2.02	Q9P6K9
SPAC30C2.03	Q9P6K8
SPAC30C2.04	Q9P6K7
SPAC30C2.05	Q9P6K6
SPAC30C2.06c	Q9P6K5
SPAC30C2.07	Q9P6K4
SPAC30C2.08	Q9P6K3
SPAC30D11.01c	Q09901
SPAC30D11.02c	Q09902
SPAC30D11.03	Q09903
SPAC30D11.04c	Q09904
SPAC30D11.05	Q09905
SPAC30D11.06c	Q09906
SPAC30D11.07	Q09907
SPAC30D11.08c	Q09908
SPAC30D11.09	Q09909
SPAC30D11.10	P36592
SPAC30D11.11	Q09910
SPAC30D11.12	Q09900
SPAC30D11.13	P40984
SPAC30D11.14c	Q09911
SPAC31A2.02	Q09723
SPAC31A2.03	Q09724
SPAC31A2.04c	Q09720
SPAC31A2.05c	Q09725
SPAC31A2.06	Q09726
SPAC31A2.07c	Q09719
SPAC31A2.08	Q09727
SPAC31A2.09c	Q09718
SPAC31A2.10	Q09721
SPAC31A2.11c	Q09728
SPAC31A2.12	Q09729
SPAC31A2.13c	Q09730
SPAC31A2.14	Q09731
SPAC31A2.15c	Q09732
SPAC31A2.16	Q09733
SPAC31F12.01	O14100
SPAC31G5.01	O14102
SPAC31G5.02	O14103
SPAC31G5.03	P0CT73
SPAC31G5.04	O14104
SPAC31G5.05c	O14105
SPAC31G5.06	O14106
SPAC31G5.07	O14107
SPAC31G5.08	P87214
SPAC31G5.09c	P27638
SPAC31G5.10	O14108
SPAC31G5.11	Q10294
SPAC31G5.12c	O14109
SPAC31G5.13	P41878
SPAC31G5.14	O14110
SPAC31G5.15	O14111
SPAC31G5.16c	O14466
SPAC31G5.17c	O14112
SPAC31G5.18c	O14113
SPAC31G5.19	O14114
SPAC31G5.21	Q92363
SPAC323.01c	Q9UT98
SPAC323.02c	Q9UT97
SPAC323.03c	Q9UT96
SPAC323.04	Q9UT95
SPAC323.05c	Q9UT94
SPAC323.06c	Q9UT93
SPAC323.07c	Q9UT92
SPAC323.08	Q9UT91
SPAC328.01c	O14116
SPAC328.02	Q9P3U4
SPAC328.03	P40387
SPAC328.04	Q9P3U2
SPAC328.05	Q9P3U1
SPAC328.06	Q9P3U0
SPAC328.07c	Q9P3T9
SPAC328.08c	Q9P3T8
SPAC328.09	Q9P3T7
SPAC328.10c	Q9P3T6
SPAC32A11.01	Q10326
SPAC32A11.02c	Q10327
SPAC32A11.03c	Q10328
SPAC32A11.04c	P56329
SPAC343.01c	Q9UT88
SPAC343.02	Q9UT87
SPAC343.03	Q9UT86
SPAC343.04c	Q9UT85
SPAC343.05	P31406
SPAC343.06c	Q9UT84
SPAC343.07	Q9UT83
SPAC343.08c	Q9UT82
SPAC343.09	Q9UT81
SPAC343.10	O74927
SPAC343.11c	Q9UT79
SPAC343.12	P53693
SPAC343.13	Q9UT77
SPAC343.14c	Q9UT76
SPAC343.15	Q9UT75
SPAC343.16	Q9UT74
SPAC343.17c	Q9UT73
SPAC343.18	Q9UT72
SPAC343.19	Q9UT42
SPAC343.20	Q9C111
SPAC343.21	G2TRK0
SPAC3A11.02	P41000
SPAC3A11.03	O14118
SPAC3A11.04	O14119
SPAC3A11.05c	P87245
SPAC3A11.06	O14120
SPAC3A11.07	O14121
SPAC3A11.08	O14122
SPAC3A11.09	O14123
SPAC3A11.10c	O14124
SPAC3A11.11c	O14125
SPAC3A11.12c	O14126
SPAC3A11.13	O14450
SPAC3A11.14c	Q92376
SPAC3A12.02	P87118
SPAC3A12.03c	P87119
SPAC3A12.04c	P87120
SPAC3A12.05c	P87121
SPAC3A12.06c	P87122
SPAC3A12.07	P87123
SPAC3A12.08	P87124
SPAC3A12.09c	P87125
SPAC3A12.10	P0CT68
SPAC3A12.11c	P87126
SPAC3A12.12	P87127
SPAC3A12.13c	P87128
SPAC3A12.14	P05933
SPAC3A12.15	P87129
SPAC3A12.16c	P87130
SPAC3A12.17c	P87131
SPAC3A12.18	O00091
SPAC3A12.19	Q5WRL1
SPAC3C7.01c	O14127
SPAC3C7.02c	O14128
SPAC3C7.03c	O14129
SPAC3C7.04	O14130
SPAC3C7.05c	O14131
SPAC3C7.06c	O14132
SPAC3C7.07c	O14133
SPAC3C7.08c	O14134
SPAC3C7.09	O14135
SPAC3C7.10	O14136
SPAC3C7.11c	P36581
SPAC3C7.12	P79065
SPAC3C7.13c	O14137
SPAC3C7.14c	P30821
SPAC3F10.02c	P47946
SPAC3F10.03	Q10179
SPAC3F10.04	P35669
SPAC3F10.05c	Q10180
SPAC3F10.06c	Q10181
SPAC3F10.07c	Q10182
SPAC3F10.08c	Q10183
SPAC3F10.09	Q10184
SPAC3F10.10c	P31397
SPAC3F10.11c	Q10185
SPAC3F10.12c	Q10186
SPAC3F10.13	Q10187
SPAC3F10.15c	Q10189
SPAC3F10.16c	Q10190
SPAC3F10.17	Q10191
SPAC3F10.18c	P0CT82
SPAC3F10.19	G2TRL7
SPAC3G6.01	O14139
SPAC3G6.02	O14140
SPAC3G6.03c	O14141
SPAC3G6.04	Q09100
SPAC3G6.05	O14142
SPAC3G6.06c	P39750
SPAC3G6.07	O14143
SPAC3G6.08	O14144
SPAC3G6.09c	O14145
SPAC3G6.10c	O14146
SPAC3G6.11	O14147
SPAC3G6.13c	P0CT81
SPAC3G9.01	Q7LL22
SPAC3G9.02	O42866
SPAC3G9.03	P0CT60
SPAC3G9.04	O42868
SPAC3G9.05	O42869
SPAC3G9.06	O42870
SPAC3G9.07c	O13298
SPAC3G9.08	O42871
SPAC3G9.09c	P56286
SPAC3G9.10c	O42872
SPAC3G9.11c	O42873
SPAC3G9.12	O42874
SPAC3G9.13c	O42875
SPAC3G9.14	P48383
SPAC3G9.15c	O42877
SPAC3G9.16c	Q9UT70
SPAC3G9.17	G2TRL9
SPAC3H1.01c	Q10067
SPAC3H1.02c	Q10068
SPAC3H1.03	Q10069
SPAC3H1.04c	Q10070
SPAC3H1.05	Q10071
SPAC3H1.06c	Q10072
SPAC3H1.07	Q10066
SPAC3H1.08c	Q10073
SPAC3H1.09c	Q10074
SPAC3H1.10	Q10075
SPAC3H1.11	Q10076
SPAC3H1.12c	Q10077
SPAC3H1.13	Q10078
SPAC3H1.14	Q10079
SPAC3H5.04	Q6LA53
SPAC3H5.05c	P0CT56
SPAC3H5.06c	P28040
SPAC3H5.07	P25457
SPAC3H5.08c	Q6LA54
SPAC3H5.09c	Q6LA55
SPAC3H5.10	P79015
SPAC3H5.11	Q6LA56
SPAC3H5.12c	P52822
SPAC3H5.13	G2TRM6
SPAC3H8.02	Q10138
SPAC3H8.03	Q10139
SPAC3H8.04	Q10140
SPAC3H8.05c	Q10141
SPAC3H8.06	Q10142
SPAC3H8.07c	Q10143
SPAC3H8.08c	Q10144
SPAC3H8.09c	Q10145
SPAC3H8.10	Q10137
SPAC458.02c	Q9P3W6
SPAC458.03	Q9P3W5
SPAC458.04c	Q9P3W4
SPAC458.05	P50520
SPAC458.06	Q9P3W2
SPAC458.07	Q9P3W1
SPAC4A8.02c	O14155
SPAC4A8.03c	O14156
SPAC4A8.04	P40903
SPAC4A8.05c	O14157
SPAC4A8.06c	O14158
SPAC4A8.07c	O14159
SPAC4A8.08c	O14160
SPAC4A8.09c	O14161
SPAC4A8.10	O14162
SPAC4A8.11c	Q10289
SPAC4A8.12c	P22194
SPAC4A8.13c	P30655
SPAC4A8.14	P41831
SPAC4A8.15c	P39825
SPAC4A8.16c	O14164
SPAC4C5.01	O14165
SPAC4C5.02c	P17608
SPAC4C5.03	O14166
SPAC4C5.04	P79064
SPAC4D7.01c	Q9UT02
SPAC4D7.02c	O14169
SPAC4D7.03	O14170
SPAC4D7.04c	O14171
SPAC4D7.05	P79083
SPAC4D7.06c	O14172
SPAC4D7.07c	O14173
SPAC4D7.08c	P41390
SPAC4D7.09	P56288
SPAC4D7.10c	O14174
SPAC4D7.11	O14175
SPAC4D7.12c	O14443
SPAC4D7.13	O14176
SPAC4D7.14	G2TRK9
SPAC4D7.15	G2TRK8
SPAC4F10.02	O36014
SPAC4F10.03c	O36015
SPAC4F10.04	O36016
SPAC4F10.05c	O36017
SPAC4F10.06	O36018
SPAC4F10.07c	O36019
SPAC4F10.08	O36020
SPAC4F10.09c	O36021
SPAC4F10.10c	O36022
SPAC4F10.11	O36023
SPAC4F10.12	O36024
SPAC4F10.13c	O36025
SPAC4F10.14c	Q92371
SPAC4F10.15c	O36027
SPAC4F10.16c	O36028
SPAC4F10.17	O36029
SPAC4F10.18	O36030
SPAC4F10.19c	O36031
SPAC4F10.20	O36032
SPAC4F10.22	G2TRJ8
SPAC4F8.01	O14177
SPAC4F8.02c	O14178
SPAC4F8.03	O14179
SPAC4F8.04	O14180
SPAC4F8.05c	O14181
SPAC4F8.06	O14182
SPAC4F8.07c	P50521
SPAC4F8.08	O14183
SPAC4F8.10c	O14185
SPAC4F8.11	O14186
SPAC4F8.12c	O14187
SPAC4F8.13c	O14188
SPAC4F8.14c	P54874
SPAC4F8.15	Q10286
SPAC4G8.02c	Q09827
SPAC4G8.03c	Q09829
SPAC4G8.04	Q09830
SPAC4G8.05	Q09831
SPAC4G8.06c	Q09832
SPAC4G8.07c	Q09833
SPAC4G8.08	Q09834
SPAC4G8.09	Q09828
SPAC4G8.10	Q09835
SPAC4G8.11c	Q09836
SPAC4G8.12c	Q09837
SPAC4G8.13c	Q09838
SPAC4G9.02	Q10236
SPAC4G9.03	P33075
SPAC4G9.04c	Q10237
SPAC4G9.05	Q10238
SPAC4G9.06c	Q10239
SPAC4G9.07	Q10240
SPAC4G9.08c	Q10233
SPAC4G9.09c	P31318
SPAC4G9.10	P31317
SPAC4G9.11c	Q10241
SPAC4G9.12	Q10242
SPAC4G9.13c	Q10243
SPAC4G9.14	Q10244
SPAC4G9.15	Q10245
SPAC4G9.16c	Q10232
SPAC4G9.17c	Q10234
SPAC4G9.19	Q10247
SPAC4G9.20c	Q10248
SPAC4G9.22	C6Y4A2
SPAC4H3.01	Q10209
SPAC4H3.02c	Q10210
SPAC4H3.03c	Q10211
SPAC4H3.04c	Q10212
SPAC4H3.05	Q10213
SPAC4H3.06	Q10214
SPAC4H3.07c	Q10215
SPAC4H3.08	Q10216
SPAC4H3.09	Q10217
SPAC4H3.10c	Q10208
SPAC4H3.11c	Q10218
SPAC4H3.13	Q10220
SPAC4H3.14c	Q10221
SPAC4H3.16	G2TRN0
SPAC4H3.17	G2TRM9
SPAC513.01c	O14460
SPAC513.02	Q9UT63
SPAC513.03	P34069
SPAC513.04	Q9UT62
SPAC513.05	Q9UT61
SPAC513.06c	Q9UT60
SPAC513.07	Q9UT59
SPAC521.02	Q9P7B5
SPAC521.03	Q9P7B4
SPAC521.04c	Q9P7B3
SPAC521.05	Q9P7B2
SPAC56E4.02c	O14190
SPAC56E4.03	O14192
SPAC56E4.04c	P78820
SPAC56E4.05	O14193
SPAC56E4.06c	O14194
SPAC56E4.07	O14195
SPAC56F8.02	Q10250
SPAC56F8.03	Q10251
SPAC56F8.04c	Q10252
SPAC56F8.05c	Q10253
SPAC56F8.06c	Q10254
SPAC56F8.07	Q10255
SPAC56F8.08	Q10256
SPAC56F8.09	Q10257
SPAC56F8.10	Q10258
SPAC56F8.11	Q10259
SPAC56F8.12	Q10260
SPAC56F8.13	Q10261
SPAC56F8.14c	Q10262
SPAC56F8.15	Q10263
SPAC56F8.16	Q04635
SPAC57A10.02	P87050
SPAC57A10.03	P87051
SPAC57A10.04	P87052
SPAC57A10.05c	P87053
SPAC57A10.06	P87054
SPAC57A10.07	P87055
SPAC57A10.08c	P87056
SPAC57A10.09c	P87057
SPAC57A10.10c	P87058
SPAC57A10.11c	P87059
SPAC57A10.12c	P32747
SPAC57A10.14	Q5FC18
SPAC57A7.04c	P31209
SPAC57A7.05	P87136
SPAC57A7.06	P87137
SPAC57A7.07c	P87138
SPAC57A7.08	P78968
SPAC57A7.09	P87139
SPAC57A7.10c	P87140
SPAC57A7.11	P87141
SPAC57A7.12	P87142
SPAC57A7.13	P87143
SPAC57A7.15c	C6Y4B2
SPAC589.02c	Q9HE02
SPAC589.03c	Q9HE01
SPAC589.04	Q9HE00
SPAC589.05c	Q9HDZ9
SPAC589.06c	Q9HDZ8
SPAC589.07c	Q9HDZ7
SPAC589.08c	Q9HDZ6
SPAC589.09	Q9HDZ5
SPAC589.10c	P0C8R3
SPAC589.11	Q9HDZ3
SPAC589.12	Q9HDZ2
SPAC5D6.01	P0CT59
SPAC5D6.02c	O14196
SPAC5D6.04	O14197
SPAC5D6.05	O14198
SPAC5D6.06c	O14199
SPAC5D6.07c	O14200
SPAC5D6.08c	P41005
SPAC5D6.09c	O14201
SPAC5D6.10c	O14202
SPAC5D6.12	O14204
SPAC5D6.13	O14205
SPAC5H10.01	Q09674
SPAC5H10.02c	Q09675
SPAC5H10.03	Q09676
SPAC5H10.04	Q09670
SPAC5H10.05c	Q09677
SPAC5H10.06c	Q09669
SPAC5H10.07	Q09678
SPAC5H10.08c	Q09673
SPAC5H10.09c	Q09672
SPAC5H10.10	Q09671
SPAC5H10.11	Q09679
SPAC5H10.12c	Q09680
SPAC5H10.13c	Q09681
SPAC607.02c	Q9US15
SPAC607.03c	O74690
SPAC607.04	Q9US14
SPAC607.05	Q9US13
SPAC607.06c	Q9US12
SPAC607.07c	Q9US11
SPAC607.08c	Q9US10
SPAC607.09c	Q9US09
SPAC607.10	Q9US08
SPAC630.03	P32390
SPAC630.04c	Q9UUH8
SPAC630.05	Q9UUH7
SPAC630.06c	Q9UUH6
SPAC630.07c	Q9UUH5
SPAC630.08c	Q9UUH4
SPAC630.09c	Q9UUH3
SPAC630.10	Q9UUH2
SPAC630.11	Q9UUH1
SPAC630.12	Q9UUH0
SPAC630.13c	Q9UUG9
SPAC630.14c	Q9UUG8
SPAC630.15	Q9C110
SPAC631.01c	Q9HGP5
SPAC631.02	Q9HGP4
SPAC637.03	O94440
SPAC637.04	O94441
SPAC637.05c	P31411
SPAC637.06	P78817
SPAC637.07	O94236
SPAC637.08	O94442
SPAC637.09	O94443
SPAC637.10c	O94444
SPAC637.11	O94445
SPAC637.12c	O94446
SPAC637.13c	O94447
SPAC644.04	Q9P6Q6
SPAC644.05c	Q9P6Q5
SPAC644.06c	P07334
SPAC644.07	Q9P6Q3
SPAC644.08	Q9P6Q2
SPAC644.09	Q9P6Q1
SPAC644.10	Q9P6Q0
SPAC644.11c	Q9P6P9
SPAC644.12	P39964
SPAC644.13c	Q9P6P8
SPAC644.14c	P36601
SPAC644.15	P17476
SPAC644.16	Q9P6P7
SPAC644.17c	Q9P6P6
SPAC644.18c	Q9P6P5
SPAC652.01	Q9P6M5
SPAC664.01c	P40381
SPAC664.02c	Q9US07
SPAC664.03	Q9US06
SPAC664.04c	P0CT65
SPAC664.05	O74175
SPAC664.06	P17937
SPAC664.07c	P26306
SPAC664.08c	Q9US05
SPAC664.09	Q9US04
SPAC664.10	Q9US03
SPAC664.11	P22774
SPAC664.12c	Q9US02
SPAC664.13	Q9US01
SPAC664.14	Q9US00
SPAC664.15	Q9P7I3
SPAC683.02c	Q9HFF2
SPAC683.03	Q96VG3
SPAC688.02c	Q9P6M3
SPAC688.03c	Q9P6M2
SPAC688.04c	Q9P6M1
SPAC688.06c	Q9P6M0
SPAC688.07c	Q9P6L9
SPAC688.08	Q9P6L8
SPAC688.09	Q9P6L7
SPAC688.10	Q9P6L6
SPAC688.11	Q9P6L5
SPAC688.12c	Q9P6L4
SPAC688.13	P41890
SPAC688.14	Q9P6L2
SPAC688.16	C6Y4A4
SPAC694.02	Q9P7T8
SPAC694.03	Q9P7T7
SPAC694.04c	Q9P7T6
SPAC694.05c	P79009
SPAC694.06c	Q9P7T4
SPAC6B12.02c	O14207
SPAC6B12.03c	O14208
SPAC6B12.04c	O14209
SPAC6B12.05c	O14210
SPAC6B12.06c	O14211
SPAC6B12.07c	O14212
SPAC6B12.08	O14213
SPAC6B12.09	O14214
SPAC6B12.10c	O14215
SPAC6B12.11	O14216
SPAC6B12.12	O14217
SPAC6B12.13	O14218
SPAC6B12.14c	O14219
SPAC6B12.15	Q10281
SPAC6B12.16	O14220
SPAC6B12.18	A6X972
SPAC6B12.19	G2TRL3
SPAC6C3.02c	Q10307
SPAC6C3.03c	Q9Y7I3
SPAC6C3.04	Q10306
SPAC6C3.05	Q10308
SPAC6C3.06c	Q10309
SPAC6C3.07	Q10310
SPAC6C3.08	Q10311
SPAC6C3.09	Q10312
SPAC6F12.02	P78871
SPAC6F12.03c	O14222
SPAC6F12.04	O14223
SPAC6F12.05c	P41888
SPAC6F12.06	O14224
SPAC6F12.07	O14225
SPAC6F12.08c	O14226
SPAC6F12.09	O14227
SPAC6F12.10c	O14228
SPAC6F12.11c	O14229
SPAC6F12.12	P78759
SPAC6F12.13c	O14230
SPAC6F12.14	O94556
SPAC6F12.15c	P41889
SPAC6F12.16c	O14232
SPAC6F12.17	O14233
SPAC6F6.01	O14234
SPAC6F6.02c	O14235
SPAC6F6.03c	O14236
SPAC6F6.04c	O14237
SPAC6F6.05	O14238
SPAC6F6.06c	O14239
SPAC6F6.07c	P28189
SPAC6F6.08c	P36618
SPAC6F6.09	O14240
SPAC6F6.10c	O14241
SPAC6F6.11c	O14242
SPAC6F6.12	O14243
SPAC6F6.13c	O14244
SPAC6F6.15	P36586
SPAC6F6.16c	O14246
SPAC6F6.17	Q96UP3
SPAC6F6.19	C6Y4A5
SPAC6G10.02c	O14248
SPAC6G10.03c	O14249
SPAC6G10.04c	O14250
SPAC6G10.05c	O14251
SPAC6G10.06	O14252
SPAC6G10.07	O14253
SPAC6G10.08	O14254
SPAC6G10.09	O14255
SPAC6G10.10c	O14256
SPAC6G10.11c	P0C016
SPAC6G10.12c	O14258
SPAC6G9.01c	Q92346
SPAC6G9.02c	Q92347
SPAC6G9.03c	Q92348
SPAC6G9.04	Q92349
SPAC6G9.05	Q92350
SPAC6G9.06c	Q92351
SPAC6G9.07c	Q92352
SPAC6G9.08	Q92353
SPAC6G9.09c	Q92354
SPAC6G9.10c	Q92355
SPAC6G9.11	Q92356
SPAC6G9.12	Q92357
SPAC6G9.13c	Q92358
SPAC6G9.14	Q92359
SPAC6G9.15c	Q92360
SPAC6G9.16c	Q92361
SPAC732.01	Q9URZ8
SPAC732.02c	Q9URZ7
SPAC750.01	G2TRN6
SPAC750.02c	P0CU10
SPAC750.03c	Q9P3E7
SPAC750.04c	P0CU06
SPAC750.05c	Q9P3E6
SPAC750.06c	Q9P3E5
SPAC750.07c	Q9P3E4
SPAC750.08c	Q9P3E3
SPAC767.01c	Q9URZ5
SPAC7D4.02c	O14259
SPAC7D4.03c	O14260
SPAC7D4.04	O14261
SPAC7D4.05	O14262
SPAC7D4.06c	Q9Y7I4
SPAC7D4.07c	O14463
SPAC7D4.08	O14263
SPAC7D4.09c	O14264
SPAC7D4.10	O14265
SPAC7D4.11c	O14266
SPAC7D4.12c	O14267
SPAC7D4.13c	O14268
SPAC7D4.14c	O14269
SPAC7D4.15c	Q96VG2
SPAC806.02c	Q9UT57
SPAC806.03c	Q9UT56
SPAC806.04c	Q9UT55
SPAC806.05	Q9UT54
SPAC806.06c	Q9UT53
SPAC806.07	P49740
SPAC806.08c	Q9UT52
SPAC806.11	A6X969
SPAC821.03c	Q9UT50
SPAC821.04c	Q9UT49
SPAC821.05	Q9UT48
SPAC821.06	Q09116
SPAC821.07c	Q9UT46
SPAC821.08c	P78972
SPAC821.09	Q9UT45
SPAC821.10c	P28758
SPAC821.11	Q9UT44
SPAC821.12	O13310
SPAC821.13c	Q9UT43
SPAC823.02	O13886
SPAC823.03	Q9P6P3
SPAC823.04	Q9P6P2
SPAC823.05c	Q9P6P1
SPAC823.06	Q9P6P0
SPAC823.07	Q9P6N9
SPAC823.08c	Q9P6N8
SPAC823.09c	Q9P6N7
SPAC823.10c	Q9P6N6
SPAC823.11	Q9P6N5
SPAC823.12	Q9P6N4
SPAC823.13c	Q9P6N3
SPAC823.14	Q9P6N2
SPAC823.15	P23635
SPAC823.16c	Q9P6N1
SPAC824.02	Q9UT41
SPAC824.03c	Q9UT40
SPAC824.04	Q9UT39
SPAC824.05	Q9UT38
SPAC824.06	Q9UT37
SPAC824.07	Q9UT36
SPAC824.08	Q9UT35
SPAC824.09c	Q9UT34
SPAC869.01	Q9URY4
SPAC869.02c	Q9URY5
SPAC869.03c	Q9URY6
SPAC869.04	Q9URY7
SPAC869.05c	Q9URY8
SPAC869.06c	Q9URY9
SPAC869.07c	Q9URZ0
SPAC869.08	Q9URZ1
SPAC869.09	Q9URZ2
SPAC869.10c	Q9URZ3
SPAC869.11	Q9URZ4
SPAC890.02c	Q9URY2
SPAC890.03	Q9URY1
SPAC890.04c	Q9URY0
SPAC890.05	Q9URX9
SPAC890.06	Q9URX8
SPAC890.07c	Q9URX7
SPAC890.08	Q9URX6
SPAC8C9.03	P36600
SPAC8C9.04	O14273
SPAC8C9.05	O14274
SPAC8C9.06c	O14275
SPAC8C9.07	O14276
SPAC8C9.08	O14277
SPAC8C9.09c	O14278
SPAC8C9.10c	O14279
SPAC8C9.11	O14280
SPAC8C9.12c	O14281
SPAC8C9.14	O14283
SPAC8C9.15c	P56287
SPAC8C9.16c	O14284
SPAC8C9.17c	O14285
SPAC8C9.19	Q4ZGE1
SPAC8E11.01c	O42878
SPAC8E11.02c	P42656
SPAC8E11.03c	O42634
SPAC8E11.04c	O42881
SPAC8E11.05c	O42882
SPAC8E11.06	O42883
SPAC8E11.07c	Q9Y703
SPAC8E11.08c	A6X974
SPAC8E11.10	Q9Y6Z9
SPAC8E11.12	G2TRM4
SPAC8F11.02c	Q9UT33
SPAC8F11.03	P26359
SPAC8F11.04	Q9UT32
SPAC8F11.05c	Q9UT31
SPAC8F11.06	Q9UT30
SPAC8F11.07c	O75004
SPAC8F11.08c	Q9UT29
SPAC8F11.09c	Q9UT28
SPAC8F11.10c	Q9UT27
SPAC9.02c	Q9UT25
SPAC9.03c	Q9UT24
SPAC9.04	P0CT34
SPAC9.05	Q9UT23
SPAC9.06c	Q9UT22
SPAC9.07c	Q9UT21
SPAC9.08c	Q9UT20
SPAC9.09	Q9UT19
SPAC9.10	Q9UT18
SPAC9.11	Q9UT17
SPAC9.12c	Q9UT16
SPAC9.13c	Q9P7C5
SPAC922.03	Q9URX3
SPAC922.04	Q9URX2
SPAC922.05c	Q9URX1
SPAC922.06	Q9URX0
SPAC922.07c	Q9URW9
SPAC922.09	G2TRL0
SPAC926.02	Q9UUG6
SPAC926.03	Q9UUG5
SPAC926.04c	P41887
SPAC926.05c	Q9UUG3
SPAC926.06c	Q9UUG2
SPAC926.07c	Q9UR05
SPAC926.08c	Q9UUG1
SPAC926.09c	Q9UUG0
SPAC926.10	G2TRN2
SPAC959.02	Q9P4X4
SPAC959.03c	Q9P4X3
SPAC959.04c	Q9P4X2
SPAC959.05c	Q9P4X1
SPAC959.06c	P0CS92
SPAC959.07	Q9P4W9
SPAC959.08	O42706
SPAC959.09c	Q9P4W7
SPAC959.10	Q7LKV3
SPAC959.11	G2TRM5
SPAC977.01	P0CU16
SPAC977.02	P0CU07
SPAC977.03	Q9P7U5
SPAC977.04	G2TRN8
SPAC977.05c	Q9P7U4
SPAC977.06	Q9P7U3
SPAC977.07c	P0CU05
SPAC977.08	P0CU00
SPAC977.09c	P0CU02
SPAC977.10	P36606
SPAC977.11	P0CU19
SPAC977.12	Q9UTS7
SPAC977.14c	Q9P7U2
SPAC977.15	Q9P7U1
SPAC977.16c	O74215
SPAC977.17	Q9P7T9
SPAC977.18	G2TRM1
SPAC9E9.01	O14287
SPAC9E9.02	A6X978
SPAC9E9.03	O14289
SPAC9E9.04	O14290
SPAC9E9.05	O14291
SPAC9E9.06c	Q42598
SPAC9E9.07c	P17609
SPAC9E9.08	P36632
SPAC9E9.09c	O14293
SPAC9E9.10c	O14423
SPAC9E9.11	O14295
SPAC9E9.12c	Q92337
SPAC9E9.13	Q11118
SPAC9E9.14	O14296
SPAC9E9.15	O14297
SPAC9E9.17c	Q9UT14
SPAC9G1.02	O14299
SPAC9G1.03c	P52808
SPAC9G1.04	O14300
SPAC9G1.05	O14301
SPAC9G1.06c	O14302
SPAC9G1.07	O14303
SPAC9G1.08c	O14304
SPAC9G1.09	O14305
SPAC9G1.10c	O14306
SPAC9G1.11c	P48009
SPAC9G1.12	O14307
SPAC9G1.13c	O14308
SPAC9G1.14	G2TRK6
SPAC9G1.15c	P0CF96
SPACUNK12.02c	Q9P7I2
SPACUNK4.06c	O14459
SPACUNK4.07c	O14072
SPACUNK4.08	O14073
SPACUNK4.09	O14074
SPACUNK4.10	O14075
SPACUNK4.11c	O14076
SPACUNK4.12c	O14077
SPACUNK4.13c	O14078
SPACUNK4.14	O14079
SPACUNK4.15	O14080
SPACUNK4.16c	O14081
SPACUNK4.17	O14082
SPACUNK4.19	Q9C0U3
SPACUNK4.20	G2TRL8
SPAP11E10.01	Q9HDZ0
SPAP11E10.02c	Q9HDY9
SPAP14E8.02	Q9P7G6
SPAP14E8.03	Q9P7G5
SPAP14E8.04	Q9P7G4
SPAP14E8.05c	Q9P7G3
SPAP19A11.05c	Q9HDV5
SPAP27G11.02	Q9P7N6
SPAP27G11.03	Q9P7N5
SPAP27G11.04c	Q9P7N4
SPAP27G11.05c	Q9P7N3
SPAP27G11.06c	Q9P7N2
SPAP27G11.07c	Q9P7N1
SPAP27G11.08c	Q9P7N0
SPAP27G11.09c	Q9P7M9
SPAP27G11.10c	Q9P7M8
SPAP27G11.11c	Q9P7M7
SPAP27G11.12	Q9P7M6
SPAP27G11.13c	Q9P7M5
SPAP27G11.14c	Q9P7M4
SPAP27G11.15	Q9P7M3
SPAP27G11.16	Q9C109
SPAP32A8.02	Q9C1X5
SPAP32A8.03c	Q9C1X4
SPAP4C9.02	C6Y4A7
SPAP7G5.02c	Q9P772
SPAP7G5.03	Q9P771
SPAP7G5.04c	P40976
SPAP7G5.05	Q9P769
SPAP7G5.06	Q9P768
SPAP8A3.02c	Q9UT12
SPAP8A3.03	Q9UT11
SPAP8A3.04c	P50519
SPAP8A3.05	Q9UT10
SPAP8A3.06	Q09176
SPAP8A3.07c	Q9UT09
SPAP8A3.08	Q09196
SPAP8A3.09c	Q9UT08
SPAP8A3.10	Q9UT07
SPAP8A3.11c	Q9UT06
SPAP8A3.12c	Q9UT05
SPAP8A3.13c	Q9UT04
SPAP8A3.14c	Q9UT03
SPAPB15E9.01c	Q8TFG9
SPAPB15E9.02c	Q8TFG8
SPAPB15E9.03c	P0CT38
SPAPB15E9.06	G2TRN3
SPAPB17E12.02	P0CU09
SPAPB17E12.03	Q8TFH8
SPAPB17E12.04c	Q9HFR0
SPAPB17E12.05	P59289
SPAPB17E12.06	U3H042
SPAPB17E12.07c	Q8TFH7
SPAPB17E12.08	Q8TFH6
SPAPB17E12.09	Q8TFH5
SPAPB17E12.10c	Q8TFH4
SPAPB17E12.11	Q8TFH3
SPAPB17E12.12c	Q8TFH2
SPAPB17E12.13	Q8TFH1
SPAPB17E12.14c	Q8TFH0
SPAPB18E9.01	Q8TFG7
SPAPB18E9.02c	Q8TFG6
SPAPB18E9.04c	Q8TFG4
SPAPB18E9.05c	Q8TFG3
SPAPB1A10.02	Q9HDY7
SPAPB1A10.03	P0CAN8
SPAPB1A10.04c	O60052
SPAPB1A10.05	Q9HDY5
SPAPB1A10.06c	Q9HDY4
SPAPB1A10.07c	Q9HDY3
SPAPB1A10.08	Q9HDY2
SPAPB1A10.09	Q9HDY1
SPAPB1A10.10c	Q9HDY0
SPAPB1A10.11c	Q9HDX9
SPAPB1A10.12c	Q9HDX8
SPAPB1A10.13	Q9HDX7
SPAPB1A10.14	Q9HDX6
SPAPB1A10.15	Q9HDX5
SPAPB1A10.16	P0CAN9
SPAPB1A11.01	Q9HDX4
SPAPB1A11.02	Q9HDX3
SPAPB1A11.03	Q9HDX2
SPAPB1A11.04c	Q9HDX1
SPAPB1A11.05	O14102
SPAPB1E7.01c	Q9C108
SPAPB1E7.02c	Q9C107
SPAPB1E7.03	Q9C106
SPAPB1E7.04c	Q9C105
SPAPB1E7.05	Q9C104
SPAPB1E7.06c	Q9C103
SPAPB1E7.07	Q9C102
SPAPB1E7.08c	Q9C101
SPAPB1E7.09	Q9C100
SPAPB1E7.10	Q9C0Z9
SPAPB1E7.11c	Q9C0Z8
SPAPB1E7.12	Q9C0Z7
SPAPB1E7.14	B8Y7Y5
SPAPB21F2.02	Q9C0Z4
SPAPB21F2.03	Q9C0Z3
SPAPB24D3.01	Q9C0Z1
SPAPB24D3.02c	Q9C0Z0
SPAPB24D3.03	Q9C0Y9
SPAPB24D3.04c	Q92383
SPAPB24D3.06c	Q9C0Y8
SPAPB24D3.07c	Q9C0Y7
SPAPB24D3.08c	Q9C0Y6
SPAPB24D3.09c	Q9C0Y5
SPAPB24D3.10c	Q9C0Y4
SPAPB2B4.01c	Q9HDW9
SPAPB2B4.02	Q9HDW8
SPAPB2B4.03	P36630
SPAPB2B4.04c	Q9HDW7
SPAPB2B4.05	Q9HDW6
SPAPB2B4.06	Q9HDW5
SPAPB2B4.07	Q9HDW4
SPAPB2C8.01	Q9C0Y2
SPAPB8E5.02c	P0CU18
SPAPB8E5.03	P50537
SPAPB8E5.04c	Q9C0X9
SPAPB8E5.05	P34068
SPAPB8E5.06c	P36584
SPAPB8E5.07c	Q9C0X8
SPAPB8E5.08	Q9C0X7
SPAPB8E5.09	Q9C0X6
SPAPB8E5.10	Q9C0X5
SPAPJ691.02	Q9URW3
SPAPJ691.03	Q9HFF0
SPAPJ695.01c	Q9URW1
SPAPJ695.02	G2TRM2
SPAPJ696.01c	Q9URW7
SPAPJ696.02	Q9URW6
SPAPJ698.02c	Q9P546
SPAPJ698.03c	Q9UTT2
SPAPJ760.02c	Q9P7E8
SPAPJ760.03c	Q9P7E7
SPAPYUG7.02c	Q9P7Y9
SPAPYUG7.03c	Q9P7Y8
SPAPYUG7.04c	O74635
SPAPYUG7.05	Q9P7Y7
SPAPYUG7.06	Q8X1T0
SPAPYUK71.03c	Q9UT00
SPBC106.01	O94235
SPBC106.02c	Q9URV9
SPBC106.03	Q9URV8
SPBC106.04	P50998
SPBC106.05c	Q9URV6
SPBC106.06	P50999
SPBC106.07c	Q9URV4
SPBC106.08c	Q9URV3
SPBC106.09	Q9URV2
SPBC106.10	P40376
SPBC106.11c	Q9URV1
SPBC106.12c	Q9URV0
SPBC106.13	Q9URU9
SPBC106.14c	Q10342
SPBC106.15	Q10132
SPBC106.16	Q10329
SPBC106.17c	Q10341
SPBC106.18	Q10330
SPBC106.19	Q10340
SPBC106.20	Q10339
SPBC1105.01	Q9Y824
SPBC1105.02c	Q9Y823
SPBC1105.03c	Q9Y822
SPBC1105.04c	P49777
SPBC1105.05	Q9URU6
SPBC1105.06	Q9Y821
SPBC1105.07c	Q9Y820
SPBC1105.08	Q9Y819
SPBC1105.09	Q9Y818
SPBC1105.10	Q9Y817
SPBC1105.11c	P10651
SPBC1105.12	P09322
SPBC1105.13c	Q9Y816
SPBC1105.14	Q9Y815
SPBC1105.15c	Q9Y814
SPBC1105.16c	Q9Y813
SPBC1105.17	Q9Y812
SPBC1105.18c	Q9Y811
SPBC1105.19	G2TRR3
SPBC115.01c	O42894
SPBC115.02c	O42895
SPBC115.03	O42896
SPBC119.01	O42897
SPBC119.02	P46595
SPBC119.03	O42898
SPBC119.04	P08090
SPBC119.05c	O43125
SPBC119.06	O42899
SPBC119.07	O42900
SPBC119.08	Q92398
SPBC119.09c	O42901
SPBC119.10	P78753
SPBC119.11c	P22192
SPBC119.12	O42903
SPBC119.13c	O42904
SPBC119.14	O42905
SPBC119.15	O42906
SPBC119.16c	O42907
SPBC119.17	O42908
SPBC119.18	Q96VG1
SPBC1198.01	Q9P6I8
SPBC1198.02	Q9P6I7
SPBC1198.03c	Q9P6I6
SPBC1198.04c	Q9UTS5
SPBC1198.05	Q9P6I5
SPBC1198.06c	Q9P6I4
SPBC1198.07c	Q9P6I3
SPBC1198.08	Q9P6I2
SPBC1198.09	Q9P6I1
SPBC1198.10c	Q9P6I0
SPBC1198.11c	Q9P6H9
SPBC1198.12	O94423
SPBC1198.13c	O94424
SPBC1198.14c	P09202
SPBC11B10.01	Q96WW6
SPBC11B10.02c	P36605
SPBC11B10.03	Q96WW5
SPBC11B10.04c	O13602
SPBC11B10.05c	O13601
SPBC11B10.06	O13600
SPBC11B10.07c	Q96WW4
SPBC11B10.08	O13598
SPBC11B10.09	P04551
SPBC11B10.10c	P48003
SPBC11C11.01	Q10200
SPBC11C11.02	Q10199
SPBC11C11.03	Q10198
SPBC11C11.04c	Q10197
SPBC11C11.05	Q10196
SPBC11C11.06c	Q10195
SPBC11C11.07	Q10192
SPBC11C11.08	Q10193
SPBC11C11.09c	O74306
SPBC11C11.10	O59721
SPBC11C11.11c	Q1MTR1
SPBC11G11.01	Q9USZ8
SPBC11G11.02c	Q9USZ7
SPBC11G11.03	Q9USZ6
SPBC11G11.04	Q9USZ5
SPBC11G11.05	Q9USZ4
SPBC11G11.06c	Q9USZ3
SPBC11G11.07	Q9USZ2
SPBC1215.01	Q9Y810
SPBC1215.02c	Q9Y809
SPBC1271.01c	O94334
SPBC1271.02	O94335
SPBC1271.03c	O94336
SPBC1271.04c	O94337
SPBC1271.05c	O94338
SPBC1271.06c	O94339
SPBC1271.07c	O94340
SPBC1271.08c	O94341
SPBC1271.09	O94342
SPBC1271.10c	O94343
SPBC1271.11	O94344
SPBC1271.12	O74178
SPBC1271.13	O94345
SPBC1271.14	O94346
SPBC1271.15c	O59683
SPBC1289.01c	O94614
SPBC1289.02c	O43120
SPBC1289.03c	P28748
SPBC1289.04c	O74653
SPBC1289.05c	O74174
SPBC1289.06c	O94615
SPBC1289.07c	O94616
SPBC1289.08	O94617
SPBC1289.09	O94618
SPBC1289.10c	O94619
SPBC1289.11	O94620
SPBC1289.12	O94621
SPBC1289.13c	O94622
SPBC1289.14	Q7LKY2
SPBC1289.15	Q9URU4
SPBC1289.16c	O42890
SPBC1289.17	Q9UR07
SPBC12C2.01c	Q09742
SPBC12C2.02c	Q09743
SPBC12C2.03c	Q09744
SPBC12C2.04	Q09745
SPBC12C2.05c	Q09746
SPBC12C2.06	Q09747
SPBC12C2.07c	Q09741
SPBC12C2.08	Q09748
SPBC12C2.09c	Q09749
SPBC12C2.10c	Q09750
SPBC12C2.11	Q09740
SPBC12C2.12c	Q09751
SPBC12C2.13c	Q09752
SPBC12C2.14c	Q9C0X4
SPBC12D12.01	Q09825
SPBC12D12.02c	O59835
SPBC12D12.03	O94501
SPBC12D12.04c	P36583
SPBC12D12.05c	O94502
SPBC12D12.06	O94503
SPBC12D12.07c	O94504
SPBC12D12.08c	O14399
SPBC12D12.09	Q0E7J8
SPBC1306.01c	Q9USZ1
SPBC1306.02	Q9USZ0
SPBC1347.01c	O94623
SPBC1347.02	O74191
SPBC1347.03	O94756
SPBC1347.04	O94624
SPBC1347.05c	O94625
SPBC1347.06c	P40233
SPBC1347.07	O94626
SPBC1347.08c	O94627
SPBC1347.09	O94628
SPBC1347.10	O42709
SPBC1347.11	O94629
SPBC1347.12	O94630
SPBC1347.13c	O94631
SPBC1347.14c	Q2HQL6
SPBC1348.01	P0CS86
SPBC1348.02	P0CU14
SPBC1348.03	Q9P3V7
SPBC1348.04	Q9P3V6
SPBC1348.05	Q9P3V5
SPBC1348.06c	P0CU13
SPBC1348.07	Q9P3V3
SPBC1348.08c	P0CU04
SPBC1348.09	P0CU01
SPBC1348.10c	P0CU03
SPBC1348.12	G2TRT1
SPBC1348.14c	Q8TFG1
SPBC1348.15	P0CS84
SPBC13A2.01c	Q9P383
SPBC13A2.02	Q9P382
SPBC13A2.03	Q9P381
SPBC13A2.04c	Q9P380
SPBC13E7.01	Q9P6R9
SPBC13E7.02	Q9P6R8
SPBC13E7.03c	Q9P6R7
SPBC13E7.04	Q9P6R6
SPBC13E7.05	Q9P6R5
SPBC13E7.06	Q9P6R4
SPBC13E7.07	Q9P6R3
SPBC13E7.08c	Q9P6R2
SPBC13E7.09	Q9P6R1
SPBC13E7.10c	Q9P6R0
SPBC13E7.11	O14364
SPBC13G1.01c	O60063
SPBC13G1.02	O60064
SPBC13G1.03c	O60065
SPBC13G1.04c	O60066
SPBC13G1.05	O60067
SPBC13G1.06c	O60068
SPBC13G1.07	O60069
SPBC13G1.08c	O60070
SPBC13G1.09	O60071
SPBC13G1.10c	O60072
SPBC13G1.11	O60073
SPBC13G1.12	O60074
SPBC13G1.13	P87303
SPBC13G1.14c	Q1MTR2
SPBC13G1.15c	Q9C0X3
SPBC13G1.16	G2TRR7
SPBC146.01	Q9Y808
SPBC146.02	Q9Y807
SPBC146.03c	P41004
SPBC146.04	Q9Y806
SPBC146.05c	Q9Y805
SPBC146.06c	Q9Y804
SPBC146.07	P36629
SPBC146.08c	Q9Y803
SPBC146.09c	Q9Y802
SPBC146.10	Q9Y801
SPBC146.11c	Q9Y800
SPBC146.12	Q9Y7Z9
SPBC146.13c	Q9Y7Z8
SPBC146.14c	Q9UUF7
SPBC14C8.01c	P21135
SPBC14C8.02	O60084
SPBC14C8.03	O60085
SPBC14C8.04	O60086
SPBC14C8.05c	O60087
SPBC14C8.06	P78774
SPBC14C8.07c	P41411
SPBC14C8.09c	O60090
SPBC14C8.10	O60091
SPBC14C8.11c	O60092
SPBC14C8.12	Q92399
SPBC14C8.13	O60093
SPBC14C8.14c	O60094
SPBC14C8.15	O60095
SPBC14C8.16c	O60096
SPBC14C8.17c	O60097
SPBC14C8.19	G2TRQ9
SPBC14F5.01	O60098
SPBC14F5.02	O60099
SPBC14F5.03c	O60100
SPBC14F5.04c	O60101
SPBC14F5.05c	O60198
SPBC14F5.06	O60102
SPBC14F5.07	O60103
SPBC14F5.08	O60104
SPBC14F5.09c	O60105
SPBC14F5.10c	O60106
SPBC14F5.11c	O60107
SPBC14F5.12c	O60108
SPBC14F5.13c	O60109
SPBC1539.01c	Q9Y7Z7
SPBC1539.02	Q9Y7Z6
SPBC1539.03c	P50514
SPBC1539.04	Q9Y7Z5
SPBC1539.05	Q9Y7Z4
SPBC1539.06	Q9Y7Z3
SPBC1539.07c	P78870
SPBC1539.08	Q9Y7Z2
SPBC1539.09c	Q92370
SPBC1539.10	Q9Y7Z1
SPBC15C4.01c	O60110
SPBC15C4.02	O60111
SPBC15C4.03	O60112
SPBC15C4.04c	O60113
SPBC15C4.05	O60114
SPBC15C4.06c	Q1MTR5
SPBC15D4.01c	Q1MTQ7
SPBC15D4.02	O74308
SPBC15D4.03	O74309
SPBC15D4.04	P42881
SPBC15D4.05	O74310
SPBC15D4.06	O74311
SPBC15D4.07c	O74312
SPBC15D4.08c	O74313
SPBC15D4.09c	O74314
SPBC15D4.10c	O74315
SPBC15D4.11c	O74316
SPBC15D4.12c	O74317
SPBC15D4.13c	A6X982
SPBC15D4.14	O74319
SPBC15D4.15	Q00472
SPBC1604.01	O94632
SPBC1604.02c	O94368
SPBC1604.03c	O94369
SPBC1604.04	O94370
SPBC1604.05	P78917
SPBC1604.06c	O94372
SPBC1604.07	O94373
SPBC1604.08c	O94374
SPBC1604.09c	O94375
SPBC1604.10	O94376
SPBC1604.11	O94377
SPBC1604.12	O94378
SPBC1604.13c	O94379
SPBC1604.14c	P50527
SPBC1604.15	O94380
SPBC1604.16c	O94728
SPBC1604.17c	O94729
SPBC1604.18c	O94730
SPBC1604.19c	O94731
SPBC1604.20c	Q1MTQ1
SPBC1604.21c	O94609
SPBC1604.25	C6Y4C1
SPBC1652.01	Q9P7B0
SPBC1652.02	Q92367
SPBC1677.02	O94633
SPBC1677.03c	O94634
SPBC1683.01	Q9P6J9
SPBC1683.02	Q9P6J8
SPBC1683.03c	Q9P6J7
SPBC1683.04	Q9P6J6
SPBC1683.05	Q9P6J5
SPBC1683.06c	Q9P6J4
SPBC1683.07	Q9P6J3
SPBC1683.08	O59932
SPBC1683.09c	Q04800
SPBC1683.10c	Q9P6J2
SPBC1683.11c	Q9P6J1
SPBC1683.12	Q9P6J0
SPBC1683.13c	Q9P6I9
SPBC1685.01	O13453
SPBC1685.02c	O74322
SPBC1685.03	O74323
SPBC1685.04	O74324
SPBC1685.05	O74325
SPBC1685.06	O74326
SPBC1685.07c	O74327
SPBC1685.08	Q1MTR4
SPBC1685.09	O74329
SPBC1685.10	O74330
SPBC1685.11	O74331
SPBC1685.13	O74333
SPBC1685.14c	Q1MTR3
SPBC1685.15c	O59751
SPBC1685.16	Q69Z14
SPBC1685.17	G2TRS0
SPBC16A3.01	P48008
SPBC16A3.02c	O42909
SPBC16A3.03c	O42910
SPBC16A3.04	O42911
SPBC16A3.05c	P41838
SPBC16A3.06	O42912
SPBC16A3.07c	O42913
SPBC16A3.08c	O42914
SPBC16A3.09c	O42915
SPBC16A3.10	O42916
SPBC16A3.11	O42917
SPBC16A3.12c	P78898
SPBC16A3.13	O42918
SPBC16A3.14	O42919
SPBC16A3.15c	P04688
SPBC16A3.16	O42921
SPBC16A3.17c	O42922
SPBC16A3.18	O42923
SPBC16A3.19	O42924
SPBC16C6.01c	O42925
SPBC16C6.02c	O42926
SPBC16C6.03c	O42927
SPBC16C6.04	O42928
SPBC16C6.05	O42929
SPBC16C6.06	O42930
SPBC16C6.07c	O42931
SPBC16C6.08c	O42932
SPBC16C6.09	O42933
SPBC16C6.10	O42934
SPBC16C6.11	O42935
SPBC16C6.12c	O42936
SPBC16C6.13c	O42937
SPBC16C6.14	C6Y4C2
SPBC16D10.01c	Q1MTN8
SPBC16D10.02	O94636
SPBC16D10.03	O94637
SPBC16D10.04c	Q9URU2
SPBC16D10.05	Q9Y719
SPBC16D10.06	O94639
SPBC16D10.07c	O94640
SPBC16D10.08c	O94641
SPBC16D10.09	Q03392
SPBC16D10.10	O94642
SPBC16D10.11c	P0CT66
SPBC16E9.01c	O14318
SPBC16E9.02c	O14319
SPBC16E9.03c	O14320
SPBC16E9.05	O14321
SPBC16E9.06c	Q12238
SPBC16E9.07	O14322
SPBC16E9.08	O14323
SPBC16E9.09c	O14324
SPBC16E9.10c	O14325
SPBC16E9.11c	O14326
SPBC16E9.12c	O14327
SPBC16E9.13	O14328
SPBC16E9.14c	O14329
SPBC16E9.15	O14330
SPBC16E9.16c	A9ZLL8
SPBC16E9.17c	O14332
SPBC16E9.18	O14333
SPBC16E9.19	Q9C0X2
SPBC16E9.20	G2TRQ3
SPBC16G5.01	P50524
SPBC16G5.02c	O60116
SPBC16G5.03	O60117
SPBC16G5.04	O60118
SPBC16G5.05c	O60119
SPBC16G5.06	O60120
SPBC16G5.07c	O60121
SPBC16G5.08	O60122
SPBC16G5.09	O60123
SPBC16G5.10	O60124
SPBC16G5.11c	O60125
SPBC16G5.12c	O60126
SPBC16G5.13	O60127
SPBC16G5.14c	O60128
SPBC16G5.15c	O60129
SPBC16G5.16	O60130
SPBC16G5.17	O60131
SPBC16G5.18	Q09195
SPBC16G5.19	Q96VG0
SPBC16H5.02	O42938
SPBC16H5.03c	O42939
SPBC16H5.04	O42940
SPBC16H5.05c	O42941
SPBC16H5.06	Q09154
SPBC16H5.07c	P23636
SPBC16H5.08c	O42943
SPBC16H5.09c	O42944
SPBC16H5.10c	O42945
SPBC16H5.11c	P78963
SPBC16H5.12c	O42947
SPBC16H5.13	O42948
SPBC16H5.14c	Q1MTR7
SPBC16H5.15	Q9USY8
SPBC1703.01c	Q9P7W9
SPBC1703.02	Q9P7W8
SPBC1703.03c	Q9P7W7
SPBC1703.04	Q9P7W6
SPBC1703.05	Q9P7W5
SPBC1703.06	Q9P7W4
SPBC1703.07	Q9P7W3
SPBC1703.08c	Q9P7W2
SPBC1703.09	Q9P7W1
SPBC1703.10	P11620
SPBC1703.11	Q9P7W0
SPBC1703.12	Q9P7V9
SPBC1703.13c	Q9P7V8
SPBC1703.14c	P07799
SPBC1703.15c	Q9P7V6
SPBC1706.01	O60132
SPBC1706.03	Q9USY7
SPBC1709.01	O74756
SPBC1709.02c	O75005
SPBC1709.03	O74728
SPBC1709.04c	O74729
SPBC1709.05	Q10284
SPBC1709.06	O74731
SPBC1709.07	O74732
SPBC1709.08	O74733
SPBC1709.09	O74734
SPBC1709.10c	O74735
SPBC1709.11c	O74736
SPBC1709.12	O74737
SPBC1709.13c	O74738
SPBC1709.14	O74739
SPBC1709.15c	O74740
SPBC1709.16c	O74741
SPBC1709.17	O74742
SPBC1709.18	O74743
SPBC1709.19c	Q9UUB8
SPBC1709.20	Q7Z996
SPBC1711.01c	P0CY14
SPBC1711.02	P0CY16
SPBC1711.03	Q9P787
SPBC1711.04	Q9P786
SPBC1711.05	Q9P785
SPBC1711.06	Q9P784
SPBC1711.07	Q9P783
SPBC1711.08	Q9P782
SPBC1711.09c	Q9P781
SPBC1711.10c	Q9P780
SPBC1711.11	Q9P779
SPBC1711.12	Q9P778
SPBC1711.13	Q9P777
SPBC1711.14	Q09094
SPBC1711.15c	Q9P776
SPBC1711.16	Q9P775
SPBC1711.17	Q9P774
SPBC1711.18	G2TRQ8
SPBC1718.01	P87060
SPBC1718.02	Q9P7P2
SPBC1718.03	Q9P7P1
SPBC1718.04	Q9P7P0
SPBC1718.05	Q9P7N9
SPBC1718.06	P87320
SPBC1718.07c	P47979
SPBC1734.01c	O74828
SPBC1734.02c	P30261
SPBC1734.03	Q4LB35
SPBC1734.04	O74745
SPBC1734.05c	O74746
SPBC1734.06	O74747
SPBC1734.07c	O74748
SPBC1734.08	O74749
SPBC1734.09	O74750
SPBC1734.10c	O74751
SPBC1734.11	O74752
SPBC1734.12c	Q9USD4
SPBC1734.13	O74754
SPBC1734.14c	P08463
SPBC1734.15	Q09948
SPBC1734.16c	O74755
SPBC1773.01	O94560
SPBC1773.02c	O94561
SPBC1773.03c	O94562
SPBC1773.04	O94563
SPBC1773.05c	P36624
SPBC1773.06c	O94564
SPBC1773.07c	Q09717
SPBC1773.08c	O94565
SPBC1773.09c	O94566
SPBC1773.10c	O94567
SPBC1773.11c	Q1MTQ5
SPBC1773.12	O94569
SPBC1773.13	O94570
SPBC1773.14	P40369
SPBC1773.15	O94572
SPBC1773.16c	O94573
SPBC1773.17c	O94574
SPBC1778.01c	Q9Y7I8
SPBC1778.02	Q96TL7
SPBC1778.03c	Q9Y7J0
SPBC1778.04	Q9Y7J1
SPBC1778.05c	Q9Y7J2
SPBC1778.06c	O59945
SPBC1778.07	Q9Y7J3
SPBC1778.08c	Q9Y7J4
SPBC1778.09	Q9Y7J5
SPBC1778.10c	Q9Y7J6
SPBC17A3.01c	O13636
SPBC17A3.02	Q9UUF4
SPBC17A3.03c	Q9UUF3
SPBC17A3.04c	Q9UUF2
SPBC17A3.05c	O13633
SPBC17A3.06	O13632
SPBC17A3.07	P78965
SPBC17A3.08	Q9UUF1
SPBC17A3.09c	O13629
SPBC17A3.10	Q9UUF0
SPBC17D1.01	Q10207
SPBC17D1.02	Q10206
SPBC17D1.03c	Q10205
SPBC17D1.04	Q10204
SPBC17D1.05	Q10203
SPBC17D1.06	Q10202
SPBC17D1.07c	Q10201
SPBC17D1.17	G2TRQ6
SPBC17D11.01	O42980
SPBC17D11.02c	O74757
SPBC17D11.03c	O74758
SPBC17D11.04c	O74759
SPBC17D11.05	O74760
SPBC17D11.06	O74761
SPBC17D11.07c	O74762
SPBC17D11.08	O74763
SPBC17F3.01c	O74335
SPBC17F3.02	O75011
SPBC17G9.02c	Q9UUE7
SPBC17G9.03c	Q9UUE6
SPBC17G9.04c	Q9UUE5
SPBC17G9.05	Q9UUE4
SPBC17G9.06c	Q9UUE3
SPBC17G9.07	O59865
SPBC17G9.08c	Q9UUE2
SPBC17G9.09	Q09130
SPBC17G9.10	P0CT78
SPBC17G9.11c	Q9UUE1
SPBC17G9.12c	Q9UUE0
SPBC17G9.13c	Q9UUD9
SPBC1815.01	P40370
SPBC1826.01c	O43065
SPBC1861.01c	Q9USR9
SPBC1861.02	Q9USY4
SPBC1861.03	Q9USY3
SPBC1861.04c	Q9USY2
SPBC1861.05	Q9USY1
SPBC1861.06c	Q9USY0
SPBC1861.07	Q9USX9
SPBC1861.08c	Q9USX8
SPBC1861.09	Q9USX7
SPBC18A7.01	Q9UUD8
SPBC18A7.02c	Q9Y7Y9
SPBC18E5.01	O59681
SPBC18E5.02c	O59682
SPBC18E5.03c	O94494
SPBC18E5.04	Q09127
SPBC18E5.05c	O94495
SPBC18E5.06	P05764
SPBC18E5.07	O94497
SPBC18E5.08	O94498
SPBC18E5.09c	U3H040
SPBC18E5.10	O94500
SPBC18E5.11c	O94752
SPBC18E5.12c	O94745
SPBC18E5.13	Q76PC7
SPBC18E5.14c	Q9C0X1
SPBC18H10.02	O60135
SPBC18H10.03	P78795
SPBC18H10.04c	O14369
SPBC18H10.05	O60136
SPBC18H10.06c	O60137
SPBC18H10.07	O60138
SPBC18H10.08c	O60139
SPBC18H10.09	O60140
SPBC18H10.10c	O60141
SPBC18H10.11c	O60142
SPBC18H10.12c	O60143
SPBC18H10.13	P0CT57
SPBC18H10.14	P0CT64
SPBC18H10.15	O60145
SPBC18H10.16	O60146
SPBC18H10.17c	O60147
SPBC18H10.18c	O60148
SPBC18H10.19	O60149
SPBC18H10.20c	O60150
SPBC1921.01c	Q9USX4
SPBC1921.02	Q9USX3
SPBC1921.03c	Q9Y8G3
SPBC1921.04c	Q9USX2
SPBC1921.05	Q9USX1
SPBC1921.06c	Q9USX0
SPBC1921.07c	Q9USW9
SPBC19C2.01	Q10752
SPBC19C2.02	P40999
SPBC19C2.03	P48011
SPBC19C2.04c	Q9UUD6
SPBC19C2.05	P08092
SPBC19C2.06c	Q9UUD4
SPBC19C2.07	P36580
SPBC19C2.08	Q9UUD2
SPBC19C2.09	Q9UUD1
SPBC19C2.10	Q9UUD0
SPBC19C2.11c	Q9UUC9
SPBC19C2.12	Q9UUC8
SPBC19C2.13c	Q9UUC7
SPBC19C2.14	Q9UUC6
SPBC19C2.15c	O14346
SPBC19C7.01	Q9USW8
SPBC19C7.02	O60152
SPBC19C7.03	P14605
SPBC19C7.04c	O60153
SPBC19C7.05	O60154
SPBC19C7.06	O60155
SPBC19C7.07c	O60156
SPBC19C7.08c	O60157
SPBC19C7.09c	Q10988
SPBC19C7.10	O60158
SPBC19C7.11	O60159
SPBC19C7.12c	O60160
SPBC19F5.01c	P25009
SPBC19F5.02c	O60161
SPBC19F5.03	O60162
SPBC19F5.04	O60163
SPBC19F5.05c	O60164
SPBC19F8.01c	O60165
SPBC19F8.02	O60166
SPBC19F8.03c	O60167
SPBC19F8.04c	O60168
SPBC19F8.05	O60169
SPBC19F8.06c	O60170
SPBC19F8.07	Q12126
SPBC19F8.08	P87158
SPBC19G7.01c	O74773
SPBC19G7.02	O42951
SPBC19G7.03c	P0CT63
SPBC19G7.04	O42953
SPBC19G7.05c	Q10287
SPBC19G7.06	O42954
SPBC19G7.07c	O42955
SPBC19G7.08c	O42956
SPBC19G7.09	O42957
SPBC19G7.10c	O42958
SPBC19G7.13	Q6E434
SPBC19G7.14c	O42962
SPBC19G7.15	O42963
SPBC19G7.16	O42964
SPBC19G7.17	O42965
SPBC19G7.18c	Q7Z995
SPBC19G7.19	G2TRP7
SPBC1A4.01	O42971
SPBC1A4.02c	P18869
SPBC1A4.03c	P08096
SPBC1A4.04	O74337
SPBC1A4.05	O74338
SPBC1A4.06c	O74339
SPBC1A4.07c	O74340
SPBC1A4.08c	O74341
SPBC1A4.09	O74343
SPBC1A4.10c	Q9P7Y4
SPBC1A4.11c	O74342
SPBC1D7.01	O14334
SPBC1D7.02c	O14335
SPBC1D7.03	O14336
SPBC1D7.04	Q09330
SPBC1D7.05	P28829
SPBC1E8.02	O42967
SPBC1E8.03c	O42968
SPBC1E8.05	O42970
SPBC20F10.01	Q06975
SPBC20F10.02c	O42972
SPBC20F10.03	O42973
SPBC20F10.04c	Q6BDR8
SPBC20F10.05	O42975
SPBC20F10.06	O14417
SPBC20F10.07	O42976
SPBC20F10.08c	O42977
SPBC20F10.09	O42978
SPBC20F10.10	O42979
SPBC21.01	O94643
SPBC21.02	O94644
SPBC21.03c	O94645
SPBC21.04	O94646
SPBC21.05c	P15258
SPBC21.06c	P41892
SPBC21.07c	O94647
SPBC211.01	O60186
SPBC211.02c	Q9P7R9
SPBC211.03c	Q9P7R8
SPBC211.04c	P49731
SPBC211.05	Q9P7R6
SPBC211.06	Q9P7R5
SPBC211.07c	Q9P7R4
SPBC211.08c	Q9P7R3
SPBC215.01	O43048
SPBC215.02	O94307
SPBC215.03c	O94308
SPBC215.04	O94309
SPBC215.05	P21696
SPBC215.06c	O94311
SPBC215.07c	O94312
SPBC215.08c	O94313
SPBC215.09c	Q9UQW6
SPBC215.10	O94314
SPBC215.11c	O94315
SPBC215.12	O94316
SPBC215.13	O94317
SPBC215.14c	O94318
SPBC215.15	O94319
SPBC216.01c	Q9Y7J8
SPBC216.02	Q9Y7J9
SPBC216.03	Q9Y7K0
SPBC216.04c	Q9Y7K1
SPBC216.05	Q02099
SPBC216.06c	Q9UUM2
SPBC216.07c	Q9Y7K2
SPBC21B10.02	Q9USW0
SPBC21B10.03c	Q9USW1
SPBC21B10.04c	Q9UR17
SPBC21B10.05c	O74184
SPBC21B10.06c	Q9USW2
SPBC21B10.07	Q9USW3
SPBC21B10.08c	P78833
SPBC21B10.09	Q9USW4
SPBC21B10.10	Q9USW5
SPBC21B10.11	Q9USW6
SPBC21B10.12	P40385
SPBC21B10.13c	P40923
SPBC21B10.14	G2TRP3
SPBC21B10.15	G2TRP4
SPBC21C3.01c	P87319
SPBC21C3.02c	Q9P7M1
SPBC21C3.03	Q9P7M0
SPBC21C3.04c	Q9P7L9
SPBC21C3.05	Q9P7L8
SPBC21C3.06	Q9P7L7
SPBC21C3.07c	Q9P7L6
SPBC21C3.08c	Q9P7L5
SPBC21C3.09c	Q9P7L4
SPBC21C3.10c	Q9P7L3
SPBC21C3.11	Q9P7L2
SPBC21C3.12c	Q9P7L1
SPBC21C3.13	P58234
SPBC21C3.14c	Q9P7L0
SPBC21C3.15c	Q9P7K9
SPBC21C3.16c	Q9P7K8
SPBC21C3.17c	Q9P7K7
SPBC21C3.18	Q9UQY9
SPBC21C3.19	Q9P7K6
SPBC21C3.20c	Q9P7K5
SPBC21D10.05c	O74345
SPBC21D10.06c	O74346
SPBC21D10.07	O74347
SPBC21D10.08c	O74348
SPBC21D10.09c	O74349
SPBC21D10.10	O74350
SPBC21D10.11c	O74351
SPBC21D10.12	O74352
SPBC21H7.02	O60171
SPBC21H7.03c	O60172
SPBC21H7.04	O60173
SPBC21H7.05	O60174
SPBC21H7.06c	O60175
SPBC21H7.07c	P40374
SPBC23E6.01c	O60176
SPBC23E6.02	O60177
SPBC23E6.03c	O60178
SPBC23E6.04c	O60179
SPBC23E6.05	O60180
SPBC23E6.06c	O60181
SPBC23E6.07c	O60182
SPBC23E6.08	O60183
SPBC23E6.09	O60184
SPBC23E6.10c	O60185
SPBC23G7.04c	P87159
SPBC23G7.05	P79060
SPBC23G7.06c	O94464
SPBC23G7.07c	O94465
SPBC23G7.08c	O94466
SPBC23G7.09	P0CY17
SPBC23G7.10c	O94467
SPBC23G7.11	O94468
SPBC23G7.12c	P41836
SPBC23G7.13c	O94469
SPBC23G7.14	O94470
SPBC23G7.15c	P17478
SPBC23G7.16	Q9USV7
SPBC23G7.17c	P0CY15
SPBC244.01c	O60187
SPBC244.02c	O60188
SPBC24C6.02	O74764
SPBC24C6.03	O74765
SPBC24C6.04	O74766
SPBC24C6.05	O74767
SPBC24C6.06	P27584
SPBC24C6.07	P36589
SPBC24C6.08c	O74769
SPBC24C6.09c	O74770
SPBC24C6.10c	O74771
SPBC24C6.11	O74772
SPBC24C6.13	G2TRP6
SPBC25B2.01	O74774
SPBC25B2.02c	P78966
SPBC25B2.03	O74775
SPBC25B2.04c	O74776
SPBC25B2.05	O74777
SPBC25B2.06c	O74778
SPBC25B2.07c	O74779
SPBC25B2.08	O74780
SPBC25B2.09c	O74781
SPBC25B2.10	O74782
SPBC25B2.11	O74783
SPBC25D12.02c	O74354
SPBC25D12.03c	O75001
SPBC25D12.04	P36603
SPBC25D12.05	Q9P804
SPBC25D12.06	O74356
SPBC25H2.02	P87144
SPBC25H2.03	P87145
SPBC25H2.04c	P87146
SPBC25H2.05	P87147
SPBC25H2.06c	P87148
SPBC25H2.07	P55877
SPBC25H2.08c	P87149
SPBC25H2.09	P87150
SPBC25H2.10c	P87151
SPBC25H2.11c	P87152
SPBC25H2.12c	P87153
SPBC25H2.13c	P87154
SPBC25H2.14	P87155
SPBC25H2.15	P87156
SPBC25H2.16c	P87157
SPBC25H2.18	G2TRP9
SPBC26H8.01	P40998
SPBC26H8.02c	O74786
SPBC26H8.03	O74787
SPBC26H8.04c	O74788
SPBC26H8.05c	O74789
SPBC26H8.06	O74790
SPBC26H8.07c	P05219
SPBC26H8.08c	O74791
SPBC26H8.09c	O74792
SPBC26H8.10	P37202
SPBC26H8.11c	O74793
SPBC26H8.12	O74794
SPBC26H8.13c	Q9P7Z8
SPBC26H8.14c	Q9P7Z7
SPBC26H8.16	C6Y4C4
SPBC27.01c	Q9P6S6
SPBC27.02c	Q9P6S5
SPBC27.03	Q9P6S4
SPBC27.04	Q9P6S3
SPBC27.05	Q9P6S2
SPBC27.06c	P79082
SPBC27.08c	P78937
SPBC27B12.01c	O74368
SPBC27B12.02	O42995
SPBC27B12.03c	O13666
SPBC27B12.04c	O13665
SPBC27B12.05	O42996
SPBC27B12.06	O13663
SPBC27B12.07	O42997
SPBC27B12.08	O42998
SPBC27B12.09c	O13660
SPBC27B12.10c	O42999
SPBC27B12.11c	O13658
SPBC27B12.12c	O13657
SPBC27B12.13	O13656
SPBC27B12.14	Q9USV6
SPBC28E12.01c	O74358
SPBC28E12.02	O74359
SPBC28E12.03	O74360
SPBC28E12.04	O74361
SPBC28E12.05	O74362
SPBC28E12.06c	Q7LKZ7
SPBC28F2.02	Q9USV4
SPBC28F2.03	P18253
SPBC28F2.04c	Q9USV3
SPBC28F2.05c	Q9USV2
SPBC28F2.06c	Q92377
SPBC28F2.07	Q9USV1
SPBC28F2.08c	Q9USV0
SPBC28F2.09	Q9USU9
SPBC28F2.10c	Q9USU8
SPBC28F2.11	Q9USU7
SPBC28F2.12	P36594
SPBC29A10.01	P36587
SPBC29A10.02	Q2L4W6
SPBC29A10.03c	Q1MTN9
SPBC29A10.04	O94383
SPBC29A10.05	P53695
SPBC29A10.06c	O94384
SPBC29A10.07	O94385
SPBC29A10.08	Q9USU5
SPBC29A10.09c	O94386
SPBC29A10.10c	O94387
SPBC29A10.11c	O94388
SPBC29A10.12	O94389
SPBC29A10.13	O94390
SPBC29A10.14	P36626
SPBC29A10.15	P54789
SPBC29A10.16c	O94391
SPBC29A10.17	C6Y4C6
SPBC29A3.01	O59666
SPBC29A3.02c	O59667
SPBC29A3.03c	O59668
SPBC29A3.04	O13672
SPBC29A3.05	O59669
SPBC29A3.06	P78750
SPBC29A3.07c	O59670
SPBC29A3.08	O59671
SPBC29A3.09c	O59672
SPBC29A3.10c	O59673
SPBC29A3.11c	O59674
SPBC29A3.12	O59675
SPBC29A3.13	O59676
SPBC29A3.14c	O13339
SPBC29A3.15c	O59677
SPBC29A3.16	O59678
SPBC29A3.17	O59679
SPBC29A3.18	O59680
SPBC29A3.21	Q9C0X0
SPBC29B5.01	P52890
SPBC29B5.02c	P40900
SPBC29B5.03c	P78946
SPBC29B5.04c	Q9HGP1
SPBC2A9.02	Q9Y7K4
SPBC2A9.03	Q9Y7K5
SPBC2A9.04c	Q9Y7K6
SPBC2A9.05c	Q9Y7K7
SPBC2A9.06c	Q9Y7K8
SPBC2A9.07c	Q9Y7K9
SPBC2A9.08c	Q9Y7L0
SPBC2A9.09	Q9Y7L1
SPBC2A9.10	Q9Y7L2
SPBC2A9.11c	Q1MTP1
SPBC2A9.12	O74796
SPBC2A9.13	Q9P7Z4
SPBC2A9.14	G2TRR6
SPBC2D10.03c	O74797
SPBC2D10.04	O74798
SPBC2D10.05	O74799
SPBC2D10.06	P40379
SPBC2D10.07c	O74800
SPBC2D10.08c	O74801
SPBC2D10.09	O74802
SPBC2D10.10c	P35551
SPBC2D10.11c	P78920
SPBC2D10.12	O74803
SPBC2D10.13	O74804
SPBC2D10.14c	O74805
SPBC2D10.15c	O74806
SPBC2D10.16	O74807
SPBC2D10.17	O74808
SPBC2D10.18	Q92338
SPBC2D10.19c	O74809
SPBC2D10.20	O74810
SPBC2F12.02c	O14337
SPBC2F12.03c	O14338
SPBC2F12.04	O14339
SPBC2F12.05c	O14340
SPBC2F12.07c	P0CT71
SPBC2F12.08c	P40997
SPBC2F12.09c	P78962
SPBC2F12.10	O14341
SPBC2F12.11c	Q09824
SPBC2F12.12c	O14342
SPBC2F12.13	O14343
SPBC2F12.14c	O14344
SPBC2F12.15c	O14345
SPBC2F12.17	G2TRP5
SPBC2G2.01c	O43000
SPBC2G2.02	O43001
SPBC2G2.03c	O43002
SPBC2G2.04c	O43003
SPBC2G2.05	O43004
SPBC2G2.06c	O43005
SPBC2G2.07c	O43006
SPBC2G2.08	O43007
SPBC2G2.09c	O43008
SPBC2G2.10c	O43009
SPBC2G2.11	O43010
SPBC2G2.12	O43011
SPBC2G2.13c	O43012
SPBC2G2.14	O43013
SPBC2G2.15c	P78860
SPBC2G2.16	O43014
SPBC2G2.17c	O43015
SPBC2G5.01	O94280
SPBC2G5.02c	O94281
SPBC2G5.03	O94282
SPBC2G5.04c	O94283
SPBC2G5.05	Q9URM2
SPBC2G5.06c	O94284
SPBC2G5.07c	O94285
SPBC30B4.01c	P87179
SPBC30B4.02c	O74363
SPBC30B4.03c	O74364
SPBC30B4.04c	O74365
SPBC30B4.05	O13671
SPBC30B4.06c	O13670
SPBC30B4.07c	O74366
SPBC30B4.08	Q08I43
SPBC30B4.09	G2TRP1
SPBC30D10.02	O14348
SPBC30D10.03c	O14349
SPBC30D10.04	O14350
SPBC30D10.05c	O14351
SPBC30D10.06	O14352
SPBC30D10.07c	O14353
SPBC30D10.08	O14354
SPBC30D10.09c	O14355
SPBC30D10.10c	O14356
SPBC30D10.11	O14357
SPBC30D10.12c	O14358
SPBC30D10.13c	Q09171
SPBC30D10.14	O14359
SPBC30D10.15	O14360
SPBC30D10.16	O14361
SPBC30D10.17c	O14362
SPBC30D10.18c	O14363
SPBC30D10.21	G2TRP8
SPBC317.01	Q9HGP0
SPBC31A8.01c	P53694
SPBC31E1.01c	O94649
SPBC31E1.02c	O59868
SPBC31E1.03	O94650
SPBC31E1.04	O94651
SPBC31E1.05	O94652
SPBC31E1.06	O94653
SPBC31F10.02	P87304
SPBC31F10.03	P87305
SPBC31F10.04c	P87306
SPBC31F10.05	P87307
SPBC31F10.06c	Q01475
SPBC31F10.07	P87308
SPBC31F10.08	P87309
SPBC31F10.09c	P87310
SPBC31F10.10c	P87311
SPBC31F10.11c	P87312
SPBC31F10.12	P87313
SPBC31F10.13c	P87314
SPBC31F10.14c	P87315
SPBC31F10.15c	P87316
SPBC31F10.16	P87317
SPBC31F10.17c	P87318
SPBC32C12.02	P36631
SPBC32C12.03c	O59697
SPBC32F12.01c	O74369
SPBC32F12.02	Q09150
SPBC32F12.03c	O59858
SPBC32F12.04	P25295
SPBC32F12.05c	O74370
SPBC32F12.06	O74627
SPBC32F12.07c	O74371
SPBC32F12.08c	O74372
SPBC32F12.09	P40380
SPBC32F12.10	O74374
SPBC32F12.11	P78958
SPBC32F12.12c	O74375
SPBC32F12.15	Q9HDW3
SPBC32F12.16	G2TRR1
SPBC32H8.01c	Q9C0V9
SPBC32H8.02c	O13612
SPBC32H8.03	P54069
SPBC32H8.04c	O13610
SPBC32H8.05	Q96WW3
SPBC32H8.06	Q96WW2
SPBC32H8.07	Q10282
SPBC32H8.08c	Q96WW1
SPBC32H8.09	Q96WW0
SPBC32H8.10	Q96WV9
SPBC32H8.11	O13606
SPBC32H8.12c	P10989
SPBC32H8.13c	Q9UUL4
SPBC32H8.15	G2TRQ1
SPBC336.01	Q9USU3
SPBC336.02	Q9USU2
SPBC336.03	Q9USU1
SPBC336.04	P30316
SPBC336.05c	Q9UST9
SPBC336.06c	Q9UST8
SPBC336.07	Q9UST7
SPBC336.08	Q9UST6
SPBC336.09c	Q9UST5
SPBC336.10c	Q9UST4
SPBC336.11	Q9UST3
SPBC336.12c	P01129
SPBC336.13c	Q9UST2
SPBC336.14c	Q9UST1
SPBC336.15	Q1MTN3
SPBC336.16	G2TRR0
SPBC337.02c	G2TRS9
SPBC337.03	O74814
SPBC337.04	O74815
SPBC337.05c	P78921
SPBC337.06c	P78794
SPBC337.07c	O74818
SPBC337.08c	P0CG72
SPBC337.09	O74820
SPBC337.10c	O74821
SPBC337.11	O74822
SPBC337.12	O74823
SPBC337.13c	O74824
SPBC337.14	O74825
SPBC337.15c	O74826
SPBC337.16	O74827
SPBC342.01c	O43053
SPBC342.02	Q9Y7Y8
SPBC342.03	Q9Y7Y7
SPBC342.04	Q9Y7Y6
SPBC342.05	P87074
SPBC342.06c	Q9Y7Y5
SPBC354.01	P32235
SPBC354.02c	P79088
SPBC354.03	O43017
SPBC354.04	O43018
SPBC354.05c	O43019
SPBC354.06	O43020
SPBC354.07c	O43021
SPBC354.08c	O43022
SPBC354.09c	O43023
SPBC354.10	O43024
SPBC354.12	O43026
SPBC354.13	O43027
SPBC354.14c	O43028
SPBC354.15	O43029
SPBC359.01	Q9P5N4
SPBC359.02	Q9P5N3
SPBC359.03c	Q9P5N2
SPBC359.04c	Q9P5N1
SPBC359.05	Q9P5N0
SPBC359.06	Q9P5M9
SPBC36.01c	O59698
SPBC36.02c	O59699
SPBC36.03c	O59700
SPBC36.04	O59701
SPBC36.05c	O59702
SPBC36.06c	O59703
SPBC36.07	O59704
SPBC36.08c	O59705
SPBC36.09	O59706
SPBC36.10	O59707
SPBC36.11	O59708
SPBC36.12c	O59709
SPBC365.01	Q9UUC2
SPBC365.02c	Q9Y7Y4
SPBC365.03c	Q9UUC1
SPBC365.04c	Q9Y7Y3
SPBC365.05c	Q9Y7Y2
SPBC365.06	O13351
SPBC365.07c	Q9Y7Y1
SPBC365.08c	Q9Y7Y0
SPBC365.09c	Q9Y7X9
SPBC365.10	Q9Y7X8
SPBC365.11	Q9Y7X7
SPBC365.12c	Q9Y7X6
SPBC365.13c	Q09146
SPBC365.14c	Q9Y7X5
SPBC365.15	Q9Y705
SPBC365.16	Q9Y7X4
SPBC365.20c	Q9USS0
SPBC36B7.02	Q9HGN8
SPBC36B7.03	Q9HGN7
SPBC36B7.04	Q9HGN6
SPBC36B7.05c	Q9HGN5
SPBC36B7.06c	Q9HGN4
SPBC36B7.07	Q9HGN3
SPBC36B7.08c	Q9HGN2
SPBC36B7.09	Q9HGN1
SPBC3B8.01c	O59710
SPBC3B8.02	P79007
SPBC3B8.03	O59711
SPBC3B8.04c	O59712
SPBC3B8.05	O59713
SPBC3B8.06	O59714
SPBC3B8.07c	O59715
SPBC3B8.08	O59716
SPBC3B8.09	Q1MTS0
SPBC3B8.10c	O59718
SPBC3B8.11	O59719
SPBC3B9.01	O43030
SPBC3B9.02c	O43031
SPBC3B9.03	O43032
SPBC3B9.04	O43033
SPBC3B9.05	O43034
SPBC3B9.06c	O43035
SPBC3B9.07c	O43036
SPBC3B9.08c	O43037
SPBC3B9.09	O43038
SPBC3B9.10	P78768
SPBC3B9.11c	O43040
SPBC3B9.12	O43041
SPBC3B9.13c	P17477
SPBC3B9.14c	O43042
SPBC3B9.15c	O43043
SPBC3B9.16c	O43044
SPBC3B9.17	O43045
SPBC3B9.18c	O43046
SPBC3B9.19	O43047
SPBC3B9.21	Q9P805
SPBC3B9.22c	Q50HP4
SPBC3D6.02	P87167
SPBC3D6.03c	P87168
SPBC3D6.04c	P87169
SPBC3D6.05	P87170
SPBC3D6.06c	P87171
SPBC3D6.07	P87172
SPBC3D6.08c	P87173
SPBC3D6.09	P87174
SPBC3D6.10	P87175
SPBC3D6.11c	P87176
SPBC3D6.12	P87177
SPBC3D6.13c	P87178
SPBC3D6.15	O74172
SPBC3D6.16	Q4ZGE2
SPBC3E7.01	O59722
SPBC3E7.02c	O14368
SPBC3E7.04c	G2TRT0
SPBC3E7.05c	O59725
SPBC3E7.06c	O59726
SPBC3E7.07c	O59727
SPBC3E7.08c	P28706
SPBC3E7.09	O59729
SPBC3E7.10	O59730
SPBC3E7.11c	O59731
SPBC3E7.12c	O59732
SPBC3E7.13c	O59733
SPBC3E7.14	O59734
SPBC3E7.15c	O59735
SPBC3E7.16c	O59736
SPBC3E7.17	G2TRQ5
SPBC3F6.01c	O43049
SPBC3F6.02c	O43050
SPBC3F6.03	Q92375
SPBC3F6.04c	O43051
SPBC3F6.05	O43052
SPBC3H7.01	Q10659
SPBC3H7.02	O74377
SPBC3H7.03c	O74378
SPBC3H7.04	O74379
SPBC3H7.05c	O74380
SPBC3H7.06c	O74381
SPBC3H7.07c	O74382
SPBC3H7.08c	O74383
SPBC3H7.09	O74384
SPBC3H7.10	O74385
SPBC3H7.11	O74386
SPBC3H7.12	O74387
SPBC3H7.13	O74388
SPBC3H7.14	O74389
SPBC3H7.15	P40235
SPBC3H7.18	G2TRQ2
SPBC4.01	Q9USS9
SPBC4.02c	Q9USS8
SPBC4.03c	Q9USS7
SPBC4.04c	P40377
SPBC4.05	Q09329
SPBC4.06	Q9USS6
SPBC4.07c	P36612
SPBC405.01	P20772
SPBC405.02c	Q9UUM6
SPBC405.03c	O94654
SPBC405.04c	O94655
SPBC405.05	O94656
SPBC405.06	O94657
SPBC405.07	O94658
SPBC409.03	Q9UUB7
SPBC409.04c	Q9Y738
SPBC409.05	Q9Y709
SPBC409.06	Q9UUB6
SPBC409.07c	P33886
SPBC409.08	Q7Z9I0
SPBC409.09c	Q9UUB5
SPBC409.10	Q9UUB4
SPBC409.11	Q9UUB3
SPBC409.12c	Q0E7J7
SPBC409.13	Q9UUB1
SPBC409.14c	Q9UUB0
SPBC409.15	Q9UUA9
SPBC409.16c	Q9UUA8
SPBC409.17c	Q9UUA7
SPBC409.18	Q9UUA6
SPBC409.19c	Q9UUA5
SPBC409.20c	Q9Y876
SPBC409.21	Q9UUA4
SPBC409.23	G2TRP0
SPBC418.01c	O94303
SPBC418.02	Q9Y7X2
SPBC428.01c	Q10331
SPBC428.02c	O14370
SPBC428.03c	Q01682
SPBC428.04	O94353
SPBC428.05c	O94354
SPBC428.06c	O94355
SPBC428.07	O94356
SPBC428.08c	O60016
SPBC428.10	O94358
SPBC428.11	O13326
SPBC428.12c	O94359
SPBC428.13c	O94360
SPBC428.14	O94361
SPBC428.15	O94362
SPBC428.16c	O94363
SPBC428.17c	O94364
SPBC428.18	P40382
SPBC428.19c	O94365
SPBC428.20c	Q9USQ2
SPBC460.01c	B5BP45
SPBC460.02c	B5BP46
SPBC460.03	B5BP47
SPBC460.04c	B5BP48
SPBC460.05	B5BP49
SPBC4B4.01c	O74962
SPBC4B4.02c	O74963
SPBC4B4.03	O74964
SPBC4B4.04	O74965
SPBC4B4.05	O74966
SPBC4B4.06	O74967
SPBC4B4.07c	O74968
SPBC4B4.08	O74969
SPBC4B4.09	O74970
SPBC4B4.10c	O74971
SPBC4B4.11	O74972
SPBC4B4.12c	O74973
SPBC4C3.03	O43056
SPBC4C3.04c	O43057
SPBC4C3.05c	P15398
SPBC4C3.06	O43059
SPBC4C3.07	O43060
SPBC4C3.08	O43061
SPBC4C3.09	O43062
SPBC4C3.10c	O43063
SPBC4C3.12	O43058
SPBC4F6.04	O74391
SPBC4F6.05c	O42707
SPBC4F6.06	P22987
SPBC4F6.07c	O74393
SPBC4F6.08c	O74394
SPBC4F6.09	O74395
SPBC4F6.10	O74396
SPBC4F6.11c	O74397
SPBC4F6.12	O74398
SPBC4F6.13c	O74399
SPBC4F6.14	O74400
SPBC4F6.15c	Q06182
SPBC4F6.16c	O74401
SPBC4F6.17c	O74402
SPBC4F6.18c	P36579
SPBC530.01	O59737
SPBC530.02	O59738
SPBC530.03c	O59739
SPBC530.04	O59740
SPBC530.05	O59741
SPBC530.06c	O59742
SPBC530.07c	O59743
SPBC530.08	O59744
SPBC530.09c	O59745
SPBC530.10c	Q09188
SPBC530.11c	O59746
SPBC530.12c	O59747
SPBC530.13	O59748
SPBC530.14c	P36616
SPBC530.15c	O74829
SPBC530.16	G2TRS3
SPBC543.02c	Q9HGM9
SPBC543.03c	Q9HGM8
SPBC543.04	Q9HGM7
SPBC543.05c	Q9HGM6
SPBC543.06c	Q9HGM5
SPBC543.07	Q9Y884
SPBC543.08	Q9HGM4
SPBC543.09	Q9HGM3
SPBC543.10	Q9HGM2
SPBC557.02c	Q9USS4
SPBC557.03c	P28745
SPBC557.04	Q9USS2
SPBC557.05	Q9USS1
SPBC56F2.01	O60053
SPBC56F2.02	P05734
SPBC56F2.03	O60054
SPBC56F2.04	O60055
SPBC56F2.05c	O60056
SPBC56F2.06	O60057
SPBC56F2.07c	O60058
SPBC56F2.08c	O60059
SPBC56F2.09c	O60060
SPBC56F2.10c	O60061
SPBC56F2.11	O60062
SPBC56F2.12	P78827
SPBC56F2.14	P62506
SPBC56F2.15	G2TRQ0
SPBC577.02	Q9USR7
SPBC577.03c	Q9USR6
SPBC577.04	Q9USR5
SPBC577.05c	Q9USR4
SPBC577.06c	Q9USR3
SPBC577.07	Q9USR2
SPBC577.08c	Q9USR1
SPBC577.09	Q9USR0
SPBC577.10	Q9USQ9
SPBC577.11	Q9USQ8
SPBC577.12	Q9USQ7
SPBC577.13	Q9USQ6
SPBC577.14c	Q9USQ5
SPBC577.15c	Q9USQ4
SPBC582.03	P10815
SPBC582.04c	Q10338
SPBC582.05c	Q10337
SPBC582.06c	Q10336
SPBC582.07c	Q10335
SPBC582.08	Q10334
SPBC582.09	Q10333
SPBC582.10c	Q10332
SPBC609.01	O94525
SPBC609.02	O94526
SPBC609.03	O94527
SPBC609.04	O94528
SPBC609.05	O94529
SPBC646.02	O94508
SPBC646.03	O94509
SPBC646.04	Q10295
SPBC646.05c	P36596
SPBC646.06c	O94510
SPBC646.07c	O94511
SPBC646.08c	O94512
SPBC646.09c	O94513
SPBC646.10c	O94514
SPBC646.11	O94515
SPBC646.12c	P33277
SPBC646.13	Q09826
SPBC646.14c	O43114
SPBC646.15c	O94516
SPBC646.16	O94517
SPBC646.17c	O94518
SPBC649.02	P79016
SPBC649.03	O59753
SPBC649.04	P40388
SPBC649.05	O59755
SPBC651.01c	O94659
SPBC651.02	O94660
SPBC651.03c	O94661
SPBC651.04	O94662
SPBC651.05c	O94663
SPBC651.06	O94664
SPBC651.07	W6JQK2
SPBC651.08c	O94666
SPBC651.09c	O94667
SPBC651.10	O94668
SPBC651.11c	O94669
SPBC651.12c	O94670
SPBC660.05	O94425
SPBC660.06	O94426
SPBC660.07	O42893
SPBC660.08	O94427
SPBC660.09	O94428
SPBC660.10	O94429
SPBC660.11	Q9HEQ9
SPBC660.12c	O94431
SPBC660.13c	Q92372
SPBC660.14	P30290
SPBC660.15	O94432
SPBC660.16	P78812
SPBC660.17c	O94433
SPBC685.02	Q9Y7L4
SPBC685.03	Q9Y7L5
SPBC685.04c	Q9Y7L6
SPBC685.05	Q9Y7L7
SPBC685.06	Q9Y7L8
SPBC685.07c	O14388
SPBC685.08	Q9Y7L9
SPBC685.09	Q09142
SPBC691.01	Q9C0W9
SPBC691.02c	Q9C0W8
SPBC691.03c	Q9C0W7
SPBC691.04	O13622
SPBC691.05c	O13621
SPBC6B1.02	O43066
SPBC6B1.03c	O43067
SPBC6B1.04	O43068
SPBC6B1.05c	O43069
SPBC6B1.06c	Q11119
SPBC6B1.07	Q12381
SPBC6B1.08c	Q11120
SPBC6B1.09c	O43070
SPBC6B1.10	O43071
SPBC6B1.12c	Q7LL15
SPBC713.02c	Q9UTT1
SPBC713.03	Q9C1X2
SPBC713.04c	Q9C1X1
SPBC713.05	Q9C1X0
SPBC713.06	Q9C1W9
SPBC713.07c	Q9C1W8
SPBC713.08	Q9C1W7
SPBC713.09	Q9C1W6
SPBC713.10	Q9C1W5
SPBC713.11c	Q9C1W4
SPBC713.12	Q9C1W3
SPBC713.13	G2TRS5
SPBC725.01	O94320
SPBC725.02	O94321
SPBC725.03	O94322
SPBC725.04	Q9Y7M1
SPBC725.05c	O94323
SPBC725.06c	O94324
SPBC725.07	O94325
SPBC725.08	O94326
SPBC725.09c	Q9UUM7
SPBC725.10	O94327
SPBC725.11c	P24488
SPBC725.12	O94328
SPBC725.13c	O94329
SPBC725.14	O94330
SPBC725.15	O94331
SPBC725.16	P33520
SPBC725.17c	O94332
SPBC776.01	Q92366
SPBC776.02c	P13681
SPBC776.03	O94671
SPBC776.04	O94672
SPBC776.05	O94673
SPBC776.06c	O94674
SPBC776.07	O94675
SPBC776.08c	O94676
SPBC776.09	Q09181
SPBC776.10c	O94677
SPBC776.11	P57728
SPBC776.12c	P50582
SPBC776.13	O94679
SPBC776.14	O94680
SPBC776.15c	O94681
SPBC776.16	O94682
SPBC776.17	O94683
SPBC776.18c	O94684
SPBC800.02	Q9HGL9
SPBC800.03	P56523
SPBC800.04c	Q9HGL8
SPBC800.05c	P04689
SPBC800.06	Q9HGL6
SPBC800.07c	Q9HGL5
SPBC800.08	Q9HGL4
SPBC800.09	Q9HGL3
SPBC800.10c	Q9HGL2
SPBC800.11	Q9HGL1
SPBC800.12c	Q9HGL0
SPBC800.13	Q9HGK9
SPBC800.14c	Q9C0W5
SPBC83.01	O94685
SPBC83.02c	O94686
SPBC83.03c	O94687
SPBC83.04	O94688
SPBC83.05	O94689
SPBC83.06c	O94690
SPBC83.07	O94691
SPBC83.08	O94692
SPBC83.09c	O94693
SPBC83.10	O94694
SPBC83.11	O94695
SPBC83.12	O94696
SPBC83.13	P78763
SPBC83.14c	O94697
SPBC83.15	O94698
SPBC83.16c	O94699
SPBC83.17	O94700
SPBC83.18c	O94701
SPBC83.19c	Q9C0W4
SPBC839.02	Q8WZK5
SPBC839.03c	Q8WZK4
SPBC839.04	P0CT72
SPBC839.05c	O42984
SPBC839.06	P22189
SPBC839.07	Q8WZK3
SPBC839.08c	Q8WZK2
SPBC839.09c	Q8WZK1
SPBC839.10	Q8WZK0
SPBC839.11c	Q8WZJ9
SPBC839.12	Q8WZJ8
SPBC839.13c	O42991
SPBC839.14c	Q9P7Z3
SPBC839.15c	P0CT55
SPBC839.16	Q8WZJ7
SPBC839.17c	O42993
SPBC839.19	G2TRS2
SPBC839.20	G2TRS1
SPBC887.01	O94286
SPBC887.02	O94287
SPBC887.03c	O94288
SPBC887.04c	O94289
SPBC887.05c	O94290
SPBC887.06c	O94291
SPBC887.07	O94292
SPBC887.08	O94293
SPBC887.09c	O94294
SPBC887.10	P87323
SPBC887.11	O94295
SPBC887.12	O94296
SPBC887.13c	O94297
SPBC887.14c	Q9UUA2
SPBC887.15c	O94298
SPBC887.16	O94299
SPBC887.17	O94300
SPBC887.18c	O94301
SPBC887.19	O94302
SPBC887.22	G2TRR4
SPBC8D2.01	Q9URT9
SPBC8D2.02c	O43073
SPBC8D2.03c	P09322
SPBC8D2.04	P09988
SPBC8D2.05c	O13652
SPBC8D2.06	O13651
SPBC8D2.07c	O13650
SPBC8D2.09c	Q7LL14
SPBC8D2.10c	O13648
SPBC8D2.11	O13647
SPBC8D2.12c	O43075
SPBC8D2.13	O43076
SPBC8D2.14c	O13644
SPBC8D2.15	O13642
SPBC8D2.16c	O13641
SPBC8D2.17	O13640
SPBC8D2.18c	O13639
SPBC8D2.19	O43077
SPBC8D2.20c	O13637
SPBC8D2.23	G2TRP2
SPBC8E4.01c	O42885
SPBC8E4.03	O42887
SPBC8E4.04	O42888
SPBC8E4.05c	O42889
SPBC8E4.12c	C6Y4C3
SPBC902.02c	Q9USQ1
SPBC902.03	Q9USQ0
SPBC902.04	Q9USP9
SPBC902.05c	Q9USP8
SPBC902.06	Q9USP7
SPBC947.01	O43078
SPBC947.02	O43079
SPBC947.03c	O43080
SPBC947.04	Q874R4
SPBC947.05c	O94727
SPBC947.06c	O43081
SPBC947.07	O43082
SPBC947.08c	O43083
SPBC947.09	O43084
SPBC947.10	O43085
SPBC947.11c	O43086
SPBC947.12	O43087
SPBC947.13	O43088
SPBC947.14c	O43089
SPBC947.15c	O43090
SPBC9B6.02c	P0CT40
SPBC9B6.03	Q9Y7M3
SPBC9B6.04c	Q9Y700
SPBC9B6.05c	Q9Y7M4
SPBC9B6.06	Q9Y7M5
SPBC9B6.07	Q9Y7M6
SPBC9B6.08	Q9USP6
SPBC9B6.09c	Q9Y7M7
SPBC9B6.10	O94740
SPBC9B6.11c	Q9Y7M8
SPBCPT2R1.01c	P0CS87
SPBCPT2R1.02	Q6MX60
SPBCPT2R1.03	P0CS85
SPBCPT2R1.04c	P0CT99
SPBCPT2R1.08c	Q1RKN3
SPBP16F5.02	P36613
SPBP16F5.03c	Q9HFE8
SPBP16F5.04	O00102
SPBP16F5.05c	Q9HFE7
SPBP16F5.06	Q9HFE6
SPBP16F5.07	Q9HFE5
SPBP16F5.08c	Q9HFE4
SPBP18G5.02	Q9HDW1
SPBP18G5.03	Q9HDW0
SPBP19A11.01	Q9HDV9
SPBP19A11.02c	Q9HDV8
SPBP19A11.03c	P87048
SPBP19A11.04c	Q9HDV6
SPBP19A11.06	Q9HDV4
SPBP19A11.07c	Q9HDV3
SPBP22H7.02c	O13620
SPBP22H7.03	O13619
SPBP22H7.04	Q9C0W3
SPBP22H7.05c	Q9C0W2
SPBP22H7.06	Q9C0W1
SPBP22H7.07	O13615
SPBP22H7.08	O13614
SPBP22H7.09c	Q9C0W0
SPBP23A10.02	Q9P7Y3
SPBP23A10.03c	Q9P7Y2
SPBP23A10.04	Q874R3
SPBP23A10.05	Q9P7Y0
SPBP23A10.06	Q9P7X9
SPBP23A10.07	Q9P7X8
SPBP23A10.08	Q9P7X7
SPBP23A10.09	Q9P7X6
SPBP23A10.10	Q9P7X5
SPBP23A10.11c	Q9P7X4
SPBP23A10.12	Q9P7X3
SPBP23A10.13	Q9Y794
SPBP23A10.14c	Q9P7X2
SPBP23A10.15c	Q9P7X1
SPBP23A10.16	Q9P7X0
SPBP23A10.17	G2TRQ4
SPBP26C9.02c	P37818
SPBP26C9.03c	Q9HFE1
SPBP35G2.02	Q9P7A1
SPBP35G2.03c	Q9P7A0
SPBP35G2.04c	Q9P799
SPBP35G2.05c	P40234
SPBP35G2.06c	Q9P797
SPBP35G2.07	P36620
SPBP35G2.08c	Q9P795
SPBP35G2.09	Q9P794
SPBP35G2.10	Q9P793
SPBP35G2.11c	Q9P792
SPBP35G2.12	Q9P791
SPBP35G2.13c	Q9P790
SPBP35G2.14	Q9P789
SPBP35G2.16c	C6Y4C5
SPBP35G2.17	G2TRS6
SPBP4G3.02	P08091
SPBP4G3.03	Q9P7U7
SPBP4H10.03	O43092
SPBP4H10.04	Q12705
SPBP4H10.05c	Q9P7E3
SPBP4H10.06c	P41003
SPBP4H10.07	Q9P7E1
SPBP4H10.08	Q9P7E0
SPBP4H10.09	Q9P7D9
SPBP4H10.10	Q9P7D8
SPBP4H10.11c	Q9P7D7
SPBP4H10.12	Q9P7D6
SPBP4H10.13	P0CT76
SPBP4H10.14c	Q9P7D5
SPBP4H10.15	Q9P7D4
SPBP4H10.16c	Q9P7D3
SPBP4H10.17c	Q9P7D2
SPBP4H10.18c	Q9P7D1
SPBP4H10.19c	Q9P7D0
SPBP4H10.20	Q9P7C9
SPBP4H10.21c	Q9P7C8
SPBP8B7.01c	O94251
SPBP8B7.02	O94252
SPBP8B7.03c	P35679
SPBP8B7.04	O94254
SPBP8B7.05c	O94255
SPBP8B7.06	P08094
SPBP8B7.07c	O94256
SPBP8B7.08c	O94257
SPBP8B7.09c	O94258
SPBP8B7.10c	O94259
SPBP8B7.11	O94260
SPBP8B7.12c	O94261
SPBP8B7.13	O94262
SPBP8B7.14c	O94263
SPBP8B7.15c	O94264
SPBP8B7.16c	P24782
SPBP8B7.17c	O94265
SPBP8B7.18c	O94266
SPBP8B7.19	O94267
SPBP8B7.20c	O94268
SPBP8B7.21	O94269
SPBP8B7.22	O94270
SPBP8B7.23	O94271
SPBP8B7.24c	O94272
SPBP8B7.25	O94273
SPBP8B7.26	O94274
SPBP8B7.27	O94275
SPBP8B7.28c	O94276
SPBP8B7.29	O94277
SPBP8B7.30c	O94278
SPBP8B7.31	O94279
SPBP8B7.32	G2TRR5
SPBPB10D8.01	Q9C0V8
SPBPB10D8.02c	Q9C0V7
SPBPB10D8.04c	P0CT94
SPBPB10D8.05c	P0CT95
SPBPB10D8.06c	P0CT96
SPBPB10D8.07c	P0CT97
SPBPB21E7.01c	Q8NKC2
SPBPB21E7.02c	U3H041
SPBPB21E7.04c	Q8NKC1
SPBPB21E7.05	Q8NIL4
SPBPB21E7.07	Q8NIL3
SPBPB21E7.09	Q8NKC0
SPBPB21E7.10	G2TRR8
SPBPB21E7.11	G2TRR9
SPBPB2B2.01	Q9HDV2
SPBPB2B2.02	Q9HDV1
SPBPB2B2.05	Q9HDV0
SPBPB2B2.06c	Q9HDU9
SPBPB2B2.07c	Q9HDU8
SPBPB2B2.08	Q9HDU7
SPBPB2B2.09c	Q9HDU6
SPBPB2B2.10c	Q9HDU5
SPBPB2B2.11	Q9HDU4
SPBPB2B2.12c	Q9HDU3
SPBPB2B2.13	Q9HDU2
SPBPB2B2.14c	Q9HDU1
SPBPB2B2.15	P0CU12
SPBPB2B2.16c	P0CU11
SPBPB2B2.17c	Q9HDU0
SPBPB2B2.18	Q9HDT9
SPBPB2B2.19c	P0CU15
SPBPB7E8.01	Q9C0V5
SPBPB7E8.02	Q9C0V4
SPBPB8B6.02c	Q8TFG0
SPBPB8B6.03	Q8TFF9
SPBPB8B6.04c	Q9C469
SPBPB8B6.05c	Q8TFF8
SPBPB8B6.06c	P0CU20
SPBPJ4664.01	O43091
SPBPJ4664.02	Q96WV6
SPBPJ4664.03	P40849
SPBPJ4664.04	Q96WV5
SPBPJ4664.05	Q96WV4
SPBPJ4664.06	Q09140
SPCC1020.01c	P28876
SPCC1020.02	O59757
SPCC1020.03	O59758
SPCC1020.04c	P36595
SPCC1020.05	O59759
SPCC1020.06c	O42700
SPCC1020.07	O59760
SPCC1020.08	O59761
SPCC1020.09	O59762
SPCC1020.10	O59763
SPCC1020.11c	O59764
SPCC1020.12c	Q7LKZ5
SPCC1020.13c	Q7LKZ6
SPCC1020.14	P0CT41
SPCC10H11.01	Q9P7C7
SPCC10H11.02	Q9P7C6
SPCC1183.01	O75006
SPCC1183.02	O74830
SPCC1183.03c	O74831
SPCC1183.04c	O74832
SPCC1183.05c	O74833
SPCC1183.06	O74834
SPCC1183.07	O74835
SPCC1183.08c	O74836
SPCC1183.09c	O74837
SPCC1183.10	O74838
SPCC1183.11	O74839
SPCC1183.12	C6Y4C9
SPCC11E10.01	O94350
SPCC11E10.02c	Q9USP5
SPCC11E10.03	Q9USP4
SPCC11E10.04	Q9USP3
SPCC11E10.05c	Q9USP2
SPCC11E10.06c	Q9USP1
SPCC11E10.07c	Q9USP0
SPCC11E10.08	Q10426
SPCC11E10.09c	Q10427
SPCC1223.01	Q76PD2
SPCC1223.02	P36597
SPCC1223.03c	O14400
SPCC1223.04c	O74405
SPCC1223.05c	P05733
SPCC1223.06	P87061
SPCC1223.07c	O74407
SPCC1223.08c	P36591
SPCC1223.09	O74409
SPCC1223.10c	A0ZWU1
SPCC1223.11	Q09172
SPCC1223.12c	O74411
SPCC1223.13	O74412
SPCC1223.14	O74413
SPCC1223.15c	Q50HP3
SPCC1235.01	O59779
SPCC1235.02	O59778
SPCC1235.03	O74840
SPCC1235.04c	O74841
SPCC1235.05c	O74842
SPCC1235.06	O74843
SPCC1235.07	O74844
SPCC1235.08c	O42826
SPCC1235.09	O74845
SPCC1235.10c	O74846
SPCC1235.11	O74847
SPCC1235.12c	O74848
SPCC1235.13	O74849
SPCC1235.14	P78831
SPCC1235.15	O74850
SPCC1235.16	C6Y4C8
SPCC1235.17	G2TRT7
SPCC1235.18	G2TRT8
SPCC1259.01c	P0CT67
SPCC1259.02c	O94702
SPCC1259.03	O94703
SPCC1259.04	O94704
SPCC1259.05c	O94705
SPCC1259.06	O94706
SPCC1259.07	O94707
SPCC1259.08	O94708
SPCC1259.09c	O94709
SPCC1259.10	O94710
SPCC1259.11c	O94711
SPCC1259.12c	O94712
SPCC1259.13	P34208
SPCC1259.14c	O94713
SPCC1259.15c	O00103
SPCC1259.16	G2TRU4
SPCC126.01c	O94394
SPCC126.02c	O94395
SPCC126.03	O94396
SPCC126.04c	O94397
SPCC126.05c	O94398
SPCC126.06	O94399
SPCC126.07c	O94400
SPCC126.08c	O94401
SPCC126.09	O94402
SPCC126.10	O74648
SPCC126.11c	O94403
SPCC126.12	O94404
SPCC126.13c	O94405
SPCC126.14	O94406
SPCC126.15c	O94407
SPCC1281.01	Q9USK8
SPCC1281.02c	O94519
SPCC1281.03c	O94520
SPCC1281.04	O94521
SPCC1281.05	O94522
SPCC1281.06c	O94523
SPCC1281.07c	O94524
SPCC1281.08	Q96WS1
SPCC132.01c	Q9USN8
SPCC132.02	Q9USN7
SPCC132.03	Q9USN6
SPCC132.04c	Q9USN5
SPCC1322.01	Q1MTN7
SPCC1322.02	O94542
SPCC1322.03	O94543
SPCC1322.04	P78811
SPCC1322.05c	O94544
SPCC1322.06	O94545
SPCC1322.07c	O94546
SPCC1322.08	O94547
SPCC1322.09	O94548
SPCC1322.10	O94549
SPCC1322.11	P0CT61
SPCC1322.12c	O94751
SPCC1322.13	P15567
SPCC1322.14c	P78810
SPCC1322.15	Q9URT8
SPCC1322.16	O94550
SPCC1393.02c	O94714
SPCC1393.03	O94715
SPCC1393.04	O94716
SPCC1393.05	O94717
SPCC1393.06c	O94718
SPCC1393.07c	O94719
SPCC1393.08	O94720
SPCC1393.09c	O94721
SPCC1393.10	O94722
SPCC1393.11	O94723
SPCC1393.12	O94724
SPCC1393.13	O94725
SPCC1393.14	P0C5Y7
SPCC13B11.01	P00332
SPCC13B11.02c	O94249
SPCC13B11.03c	O94250
SPCC13B11.04c	O74540
SPCC1442.01	P26674
SPCC1442.02	Q76PC4
SPCC1442.03	Q76PC3
SPCC1442.04c	O94577
SPCC1442.05c	O94578
SPCC1442.06	O94579
SPCC1442.07c	O94580
SPCC1442.08c	O94581
SPCC1442.09	O94582
SPCC1442.10c	P37382
SPCC1442.11c	O94583
SPCC1442.12	O94584
SPCC1442.13c	O94585
SPCC1442.14c	O94586
SPCC1442.15c	O94587
SPCC1442.16c	O74489
SPCC1442.17c	O74490
SPCC1442.19	C6Y4D2
SPCC1450.02	Q9Y7N0
SPCC1450.03	Q9Y7N1
SPCC1450.04	O74173
SPCC1450.05c	Q9Y7N2
SPCC1450.06c	Q9Y7N3
SPCC1450.07c	Q9Y7N4
SPCC1450.08c	Q9Y7N5
SPCC1450.09c	Q9Y7N6
SPCC1450.10c	Q9Y7N7
SPCC1450.11c	P38938
SPCC1450.12	Q9Y7N9
SPCC1450.13c	Q9Y7P0
SPCC1450.14c	Q9Y7P1
SPCC1450.15	Q9Y7P2
SPCC1450.16c	Q9Y7P3
SPCC1494.01	Q7LL04
SPCC1494.02c	O60076
SPCC1494.03	O60077
SPCC1494.04c	O60078
SPCC1494.05c	O60079
SPCC1494.06c	O60080
SPCC1494.07	O60081
SPCC1494.08c	O60082
SPCC1494.09c	O60083
SPCC1494.10	O74522
SPCC14G10.01	O74414
SPCC14G10.02	O74415
SPCC14G10.03c	O74416
SPCC14G10.04	O74417
SPCC1529.01	Q9USN4
SPCC162.01c	O74418
SPCC162.02c	O74419
SPCC162.03	O74628
SPCC162.04c	O74420
SPCC162.05	O74421
SPCC162.06c	O74422
SPCC162.07	O74423
SPCC162.08c	O74424
SPCC162.09c	Q10283
SPCC162.10	O74426
SPCC162.11c	O74427
SPCC162.12	O74428
SPCC1620.01c	O94408
SPCC1620.02	O94409
SPCC1620.03	O94410
SPCC1620.04c	O94411
SPCC1620.05	O94412
SPCC1620.06c	O94413
SPCC1620.07c	O94414
SPCC1620.08	O94415
SPCC1620.09c	O94416
SPCC1620.10	O94417
SPCC1620.11	O94418
SPCC1620.12c	O94419
SPCC1620.13	O94420
SPCC1620.14c	O94421
SPCC1672.01	O14059
SPCC1672.02c	P40847
SPCC1672.03c	O14057
SPCC1672.04c	O14056
SPCC1672.05c	O14055
SPCC1672.06c	O74429
SPCC1672.07	O14053
SPCC1672.08c	P79011
SPCC1672.09	O74430
SPCC1672.10	O94244
SPCC1672.11c	O74431
SPCC1672.12c	O74432
SPCC1682.01	O74433
SPCC1682.02c	P30666
SPCC1682.03c	O74434
SPCC1682.04	O74435
SPCC1682.05c	O74436
SPCC1682.06	O74437
SPCC1682.07	O74995
SPCC1682.08c	O74438
SPCC1682.09c	O74439
SPCC1682.10	O74440
SPCC1682.11c	O74441
SPCC1682.12c	O74442
SPCC1682.13	O74443
SPCC1682.14	O42699
SPCC1682.15	O74444
SPCC1682.16	O74445
SPCC16A11.01	Q9Y7U1
SPCC16A11.02	Q9USN3
SPCC16A11.03c	Q9USN2
SPCC16A11.04	Q9USN1
SPCC16A11.05c	P87215
SPCC16A11.06c	Q9USN0
SPCC16A11.07	Q9USM9
SPCC16A11.08	Q9USM8
SPCC16A11.09c	Q9USM7
SPCC16A11.10c	Q9USM6
SPCC16A11.11	Q9UR27
SPCC16A11.12c	Q9USM5
SPCC16A11.13	Q9USM4
SPCC16A11.14	Q9USM3
SPCC16A11.15c	Q9USM2
SPCC16A11.16c	Q9USM1
SPCC16A11.17	P29458
SPCC16C4.01	O74446
SPCC16C4.02c	O74447
SPCC16C4.03	O74448
SPCC16C4.04	O74449
SPCC16C4.05	O74450
SPCC16C4.06c	O74451
SPCC16C4.07	O74452
SPCC16C4.08c	O74453
SPCC16C4.09	O74454
SPCC16C4.10	O74455
SPCC16C4.11	O74456
SPCC16C4.12	O74457
SPCC16C4.13c	P0CT83
SPCC16C4.14c	O74458
SPCC16C4.15	Q9Y7P4
SPCC16C4.16c	O74460
SPCC16C4.17	O74461
SPCC16C4.18c	O74462
SPCC16C4.19	O94306
SPCC16C4.20c	Q9P7Z9
SPCC16C4.21	A6X992
SPCC16C4.22	C6Y4D0
SPCC1739.01	O74463
SPCC1739.02c	O74464
SPCC1739.03	O74465
SPCC1739.04c	O74466
SPCC1739.05	O74467
SPCC1739.06c	O74468
SPCC1739.07	O74469
SPCC1739.08c	O74470
SPCC1739.09c	O74471
SPCC1739.10	O74472
SPCC1739.11c	O74473
SPCC1739.12	P36614
SPCC1739.13	O59855
SPCC1739.14	O14310
SPCC1739.15	O74474
SPCC1742.01	Q9P6S0
SPCC1753.01c	Q92373
SPCC1753.02c	O94744
SPCC1753.03c	P36625
SPCC1753.04	O94505
SPCC1753.05	O94506
SPCC1795.01c	O59767
SPCC1795.02c	O59768
SPCC1795.03	P87041
SPCC1795.04c	O59770
SPCC1795.05c	O59771
SPCC1795.06	Q09180
SPCC1795.07	O59772
SPCC1795.08c	O59773
SPCC1795.09	O59774
SPCC1795.10c	Q1MTR8
SPCC1795.11	O13370
SPCC1795.12c	O59776
SPCC18.01c	O74851
SPCC18.02	O74852
SPCC18.03	O74853
SPCC18.04	O74854
SPCC18.05c	O74855
SPCC18.06c	O74856
SPCC18.07	O74857
SPCC18.08	O74858
SPCC18.09c	O74859
SPCC18.10	O74860
SPCC18.11c	O74861
SPCC18.12c	O74862
SPCC18.13	O74863
SPCC18.14c	O74864
SPCC18.15	O74865
SPCC18.16c	O74866
SPCC18.17c	O74867
SPCC18.18c	O94552
SPCC18.19c	G2TRU0
SPCC18.20	G2TRU1
SPCC1827.01c	O74974
SPCC1827.02c	O74975
SPCC1827.03c	O74976
SPCC1827.04	O74977
SPCC1827.05c	O74978
SPCC1827.06c	P78780
SPCC1827.07c	Q9UU86
SPCC1827.08c	O74531
SPCC1840.01c	O75002
SPCC1840.02c	O74475
SPCC1840.03	O74476
SPCC1840.04	O74477
SPCC1840.05c	O74478
SPCC1840.06	O74479
SPCC1840.07c	O74480
SPCC1840.08c	O74481
SPCC1840.09	O74482
SPCC1840.10	O74483
SPCC1840.11	O59821
SPCC1840.12	Q7LL00
SPCC188.02	Q10428
SPCC188.03	Q10429
SPCC188.04c	Q10430
SPCC188.06c	P21565
SPCC188.07	Q10432
SPCC188.08c	Q09879
SPCC188.09c	Q7Z9I1
SPCC188.11	Q09882
SPCC188.12	Q09883
SPCC188.13c	Q09884
SPCC188.14	G2TRU6
SPCC1884.01	U3H0A9
SPCC1884.02	O74869
SPCC18B5.01c	P41820
SPCC18B5.03	P07527
SPCC18B5.04	Q9USL7
SPCC18B5.05c	Q9USL6
SPCC18B5.06	Q9USL5
SPCC18B5.07c	Q9USL4
SPCC18B5.08c	Q9USL3
SPCC18B5.09c	Q9USL2
SPCC18B5.10c	Q9USL1
SPCC18B5.11c	Q09170
SPCC1902.01	Q10280
SPCC1902.02	Q9Y7P6
SPCC1906.01	O74484
SPCC1906.02c	O74485
SPCC1906.03	O74486
SPCC1906.04	O74487
SPCC191.01	O94733
SPCC191.02c	P78773
SPCC191.03c	Q9Y7P7
SPCC191.04c	Q9Y7P8
SPCC191.05c	Q9Y7P9
SPCC191.06	Q9Y7Q0
SPCC191.07	P00046
SPCC191.08	Q9Y7Q1
SPCC191.09c	Q9Y7Q2
SPCC191.10	Q9Y7Q3
SPCC191.11	O59852
SPCC1919.01	Q9UU87
SPCC1919.02	O94472
SPCC1919.03c	P78789
SPCC1919.04	O94473
SPCC1919.05	O94474
SPCC1919.06c	U3H0P2
SPCC1919.07	O94475
SPCC1919.08c	O59856
SPCC1919.09	O94476
SPCC1919.10c	O94477
SPCC1919.11	O94478
SPCC1919.12c	O94479
SPCC1919.13c	O94480
SPCC1919.14c	O94481
SPCC1919.15	Q1MTQ0
SPCC23B6.01c	Q9UUA1
SPCC23B6.02c	Q9UUA0
SPCC23B6.03c	O74630
SPCC23B6.04c	Q9UU99
SPCC23B6.05c	Q92374
SPCC24B10.02c	Q9P7K3
SPCC24B10.03	Q9P7K2
SPCC24B10.04	Q9P7K1
SPCC24B10.05	Q9P7K0
SPCC24B10.06	Q9P7J9
SPCC24B10.07	Q9P7J8
SPCC24B10.08c	Q9P7J7
SPCC24B10.09	Q9P7J6
SPCC24B10.10c	Q9P7J5
SPCC24B10.11c	Q9P7J4
SPCC24B10.12	Q9P7J3
SPCC24B10.13	Q9US59
SPCC24B10.14c	Q9P7J2
SPCC24B10.15	Q9P7J1
SPCC24B10.16c	Q9P7J0
SPCC24B10.17	Q9P7I9
SPCC24B10.18	Q9P7I8
SPCC24B10.19c	Q9P7I7
SPCC24B10.20	Q9P7I6
SPCC24B10.21	P07669
SPCC24B10.22	Q12704
SPCC285.03	Q76PD3
SPCC285.04	O74492
SPCC285.05	O74493
SPCC285.06c	G2TRU8
SPCC285.07c	O74495
SPCC285.08	O74496
SPCC285.09c	P36599
SPCC285.10c	O74497
SPCC285.11	O74498
SPCC285.12	O74499
SPCC285.13c	O74500
SPCC285.14	O74501
SPCC285.15c	P0CT80
SPCC285.16c	O74502
SPCC285.17	O74503
SPCC290.02	O94553
SPCC290.03c	P78847
SPCC290.04	Q9URT4
SPCC297.03	P50526
SPCC297.04c	Q9Y7Q6
SPCC297.05	Q9Y7Q7
SPCC297.06c	Q9UUN3
SPCC2H8.02	Q9Y7Q9
SPCC2H8.04	Q9Y7R1
SPCC2H8.05c	Q9Y7S8
SPCC306.02c	Q9UUN5
SPCC306.03c	Q9Y7R3
SPCC306.04c	Q9Y7R4
SPCC306.05c	Q9Y7R5
SPCC306.06c	Q9Y7R6
SPCC306.07c	Q9Y7R7
SPCC306.08c	Q9Y7R8
SPCC306.09c	P36621
SPCC306.10	G2TRV0
SPCC306.11	Q9Y7R9
SPCC31H12.02c	O74870
SPCC31H12.03c	O74871
SPCC31H12.04c	P0CT84
SPCC31H12.05c	P23880
SPCC31H12.06	O74872
SPCC31H12.07	O74873
SPCC31H12.08c	O74874
SPCC320.03	O59780
SPCC320.04c	O59781
SPCC320.05	O59782
SPCC320.06	O59783
SPCC320.07c	O59784
SPCC320.08	O59785
SPCC320.09	O59786
SPCC320.10	O59787
SPCC320.11c	Q1MTQ9
SPCC320.12	Q1MTR0
SPCC320.13c	O59790
SPCC320.14	O59791
SPCC330.01c	P79051
SPCC330.02	O74999
SPCC330.03c	O74875
SPCC330.04c	O74876
SPCC330.05c	P14965
SPCC330.06c	O14313
SPCC330.07c	Q12519
SPCC330.08	O74878
SPCC330.09	O74879
SPCC330.10	O74880
SPCC330.11	O74881
SPCC330.12c	O74882
SPCC330.13	O74883
SPCC330.14c	O74884
SPCC330.19c	Q8J1M7
SPCC330.20	G2TRT3
SPCC330.21	G2TRT4
SPCC338.02	O74981
SPCC338.03c	A6X993
SPCC338.04	O74982
SPCC338.05c	O74983
SPCC338.06c	O74984
SPCC338.07c	O74985
SPCC338.08	O74986
SPCC338.10c	O74988
SPCC338.11c	P40389
SPCC338.12	O74989
SPCC338.13	O74990
SPCC338.14	P78825
SPCC338.15	O59866
SPCC338.16	O74991
SPCC338.17c	P30776
SPCC338.18	O74992
SPCC364.01	O59792
SPCC364.02c	O59793
SPCC364.03	O59794
SPCC364.04c	O59795
SPCC364.05	O59796
SPCC364.06	O59797
SPCC364.07	P87228
SPCC417.02	O94483
SPCC417.03	O94484
SPCC417.05c	O94486
SPCC417.06c	O94487
SPCC417.07c	O94488
SPCC417.08	O94489
SPCC417.09c	O94490
SPCC417.10	O94491
SPCC417.11c	O94492
SPCC417.12	O94493
SPCC417.15	A6X995
SPCC417.16	G2TRT6
SPCC4B3.01	Q9USJ1
SPCC4B3.02c	Q9USJ2
SPCC4B3.03c	Q9USJ3
SPCC4B3.04c	Q9USJ4
SPCC4B3.05c	Q9USJ5
SPCC4B3.06c	Q9USJ6
SPCC4B3.07	Q9USJ7
SPCC4B3.08	Q9USJ8
SPCC4B3.09c	Q9USJ9
SPCC4B3.10c	Q9USK0
SPCC4B3.11c	Q9USK1
SPCC4B3.12	Q9USK2
SPCC4B3.13	Q9USK3
SPCC4B3.14	Q9USK4
SPCC4B3.15	P78953
SPCC4B3.16	Q9USK5
SPCC4B3.17	Q9USK6
SPCC4B3.18	Q9USK7
SPCC4B3.20	G2TRU5
SPCC4E9.01c	Q92380
SPCC4E9.02	P24865
SPCC4F11.02	P40371
SPCC4F11.03c	Q9UT68
SPCC4F11.04c	Q9UT67
SPCC4F11.05	Q9UT66
SPCC4G3.02	P49776
SPCC4G3.03	P87229
SPCC4G3.04c	P87230
SPCC4G3.05c	P87231
SPCC4G3.06c	P87232
SPCC4G3.07c	P87233
SPCC4G3.08	Q12706
SPCC4G3.09c	P87234
SPCC4G3.10c	P87235
SPCC4G3.11	P87236
SPCC4G3.12c	P87237
SPCC4G3.13c	P87238
SPCC4G3.14	P87239
SPCC4G3.15c	P87240
SPCC4G3.16	P87241
SPCC4G3.17	P87242
SPCC4G3.18	P87243
SPCC4G3.19	P87244
SPCC548.03c	Q9P3V0
SPCC548.04	Q9P3U9
SPCC548.05c	Q9P3U8
SPCC548.06c	Q9P3U7
SPCC548.07c	Q9P3U6
SPCC550.01c	O59799
SPCC550.02c	O59800
SPCC550.03c	O59801
SPCC550.04c	O59802
SPCC550.05	Q53EK2
SPCC550.06c	O59804
SPCC550.07	O59805
SPCC550.08	O59806
SPCC550.09	O59807
SPCC550.10	O59808
SPCC550.11	O59809
SPCC550.12	O94241
SPCC550.13	O59836
SPCC550.14	O59810
SPCC550.15c	O59811
SPCC553.01c	O74939
SPCC553.02	O74940
SPCC553.03	O74941
SPCC553.04	O74942
SPCC553.05c	G2TRU9
SPCC553.06	O74943
SPCC553.07c	O74944
SPCC553.08c	O74945
SPCC553.09c	O74946
SPCC553.10	O74947
SPCC553.11c	O74948
SPCC553.12c	O74949
SPCC569.01c	Q9Y7S0
SPCC569.02c	Q9Y7S1
SPCC569.03	Q9Y7S2
SPCC569.04	Q9Y7S3
SPCC569.05c	Q9Y7S4
SPCC569.06	Q9Y7S5
SPCC569.07	Q9Y7S6
SPCC569.08c	Q9UUK7
SPCC569.09	C6Y4D4
SPCC576.01c	O74885
SPCC576.02	O74886
SPCC576.03c	O74887
SPCC576.04	O74888
SPCC576.05	O74889
SPCC576.06c	O74890
SPCC576.07	O74891
SPCC576.08c	O74892
SPCC576.09	O74893
SPCC576.10c	O74894
SPCC576.11	O74895
SPCC576.12c	O74896
SPCC576.13	O74897
SPCC576.14	O74898
SPCC576.15c	Q12701
SPCC576.17c	O74899
SPCC576.19c	Q9C0V2
SPCC584.01c	Q09878
SPCC584.02	O94588
SPCC584.03c	O94589
SPCC584.04	O74718
SPCC584.05	O94590
SPCC584.11c	Q09885
SPCC584.12	Q09886
SPCC584.13	Q09887
SPCC584.14	Q09888
SPCC584.15c	Q09889
SPCC584.16c	Q09890
SPCC594.01	O74504
SPCC594.02c	O74505
SPCC594.03	O74506
SPCC594.04c	O74507
SPCC594.05c	O74508
SPCC594.06c	O74509
SPCC594.07c	O74510
SPCC5E4.03c	O13282
SPCC5E4.04	P18296
SPCC5E4.05c	O94305
SPCC5E4.06	P53692
SPCC5E4.07	P36585
SPCC5E4.10c	Q9P7Z6
SPCC61.01c	O94607
SPCC61.02	O14311
SPCC61.03	O94347
SPCC61.04c	O94348
SPCC61.05	O94349
SPCC613.01	O74901
SPCC613.02	O74902
SPCC613.03	O74903
SPCC613.04c	O74994
SPCC613.05c	O74904
SPCC613.06	O74905
SPCC613.07	O74906
SPCC613.08	O74907
SPCC613.09	O74908
SPCC613.10	P78761
SPCC613.11c	O74909
SPCC613.12c	O74910
SPCC622.01c	O94591
SPCC622.02	O94592
SPCC622.03c	O94593
SPCC622.04	O94594
SPCC622.06c	O94596
SPCC622.07	O94597
SPCC622.08c	P04909
SPCC622.09	P04913
SPCC622.10c	O94598
SPCC622.11	O94599
SPCC622.12c	P78804
SPCC622.13c	O94600
SPCC622.14	O94601
SPCC622.15c	O94602
SPCC622.16c	O94603
SPCC622.17	P50525
SPCC622.18	P79071
SPCC622.19	O94606
SPCC622.21	Q8NIP8
SPCC63.02c	Q9Y7S9
SPCC63.03	Q9Y7T0
SPCC63.04	Q9Y704
SPCC63.05	Q9Y7T1
SPCC63.06	Q9Y7T2
SPCC63.07	Q9Y7T3
SPCC63.08c	Q9Y7T4
SPCC63.10c	Q9Y7T6
SPCC63.11	Q9Y7T7
SPCC63.12c	Q9Y7T8
SPCC63.13	Q9Y7T9
SPCC63.14	Q9Y7U0
SPCC645.02	Q9Y7U3
SPCC645.03c	P78859
SPCC645.04	Q9Y7U4
SPCC645.05c	Q9USI6
SPCC645.06c	Q9Y7U5
SPCC645.07	Q9Y7U6
SPCC645.08c	Q9Y7U7
SPCC645.09	Q9Y7U8
SPCC645.10	Q9Y7U9
SPCC645.11c	Q9Y7V0
SPCC645.12c	Q9Y7V1
SPCC645.13	Q9Y7V2
SPCC645.14c	Q9USI5
SPCC663.01c	O74511
SPCC663.02	O74512
SPCC663.03	P36619
SPCC663.04	P05767
SPCC663.05c	O74515
SPCC663.06c	Q7Z9I4
SPCC663.08c	Q7Z9I3
SPCC663.09c	Q7Z9I2
SPCC663.10	O74516
SPCC663.11	O74517
SPCC663.12	O74518
SPCC663.13c	O74519
SPCC663.14c	O74520
SPCC663.15c	O74521
SPCC663.17	G2TRU7
SPCC663.18	G2TRT5
SPCC70.02c	O74523
SPCC70.03c	O74524
SPCC70.04c	O74525
SPCC70.05c	O74526
SPCC70.06	Q9USI4
SPCC70.07c	P36590
SPCC70.08c	O74529
SPCC70.09c	O94243
SPCC70.10	P78797
SPCC70.12c	C6Y4D3
SPCC736.02	O74951
SPCC736.03c	O74952
SPCC736.04c	Q09174
SPCC736.05	Q7Z9I5
SPCC736.06	O94242
SPCC736.07c	O74953
SPCC736.08	O74954
SPCC736.09c	O74955
SPCC736.10c	O74956
SPCC736.11	O74957
SPCC736.12c	O74958
SPCC736.13	O74959
SPCC736.14	Q09933
SPCC736.15	O74960
SPCC737.02c	O74533
SPCC737.03c	O13681
SPCC737.04	O94245
SPCC737.05	O13679
SPCC737.06c	O94246
SPCC737.07c	O94247
SPCC737.08	O94248
SPCC737.09c	Q02592
SPCC74.01	O74534
SPCC74.02c	O74535
SPCC74.03c	O74536
SPCC74.04	O74537
SPCC74.05	O74538
SPCC74.06	O74539
SPCC74.09	O13674
SPCC757.02c	O74913
SPCC757.03c	O74914
SPCC757.04	O74915
SPCC757.05c	O74916
SPCC757.06	O74917
SPCC757.07c	P55306
SPCC757.08	O74918
SPCC757.09c	O74919
SPCC757.10	O74920
SPCC757.11c	O74921
SPCC757.12	O74922
SPCC757.13	O74923
SPCC757.15	C6Y4C7
SPCC777.02	O74541
SPCC777.03c	O74542
SPCC777.04	O74543
SPCC777.05	O74544
SPCC777.06c	O74545
SPCC777.07	O74546
SPCC777.08c	O74547
SPCC777.09c	O74548
SPCC777.10c	O74549
SPCC777.11	O74550
SPCC777.12c	O74551
SPCC777.13	O74552
SPCC777.14	Q07538
SPCC777.15	O74553
SPCC777.17c	Q9P801
SPCC790.02	O74925
SPCC790.03	O74926
SPCC794.01c	O59812
SPCC794.02	Q8TF80
SPCC794.03	O59813
SPCC794.04c	O59814
SPCC794.06	O59815
SPCC794.07	O59816
SPCC794.08	O59817
SPCC794.09c	P0CT53
SPCC794.10	O59819
SPCC794.11c	P78813
SPCC794.12c	P40375
SPCC794.15	Q9USI0
SPCC825.01	Q9USH9
SPCC825.02	Q9USH8
SPCC825.03c	Q9USH7
SPCC825.04c	Q9USH6
SPCC825.05c	Q9USH5
SPCC830.03	Q9UU96
SPCC830.04c	Q9UU95
SPCC830.05c	Q9UU94
SPCC830.06	Q9UU93
SPCC830.07c	Q09912
SPCC830.08c	Q9UU91
SPCC830.09c	Q9UU90
SPCC830.10	Q9UU89
SPCC830.11c	Q9UU88
SPCC895.03c	O94530
SPCC895.04c	O94531
SPCC895.05	O94532
SPCC895.06	O94533
SPCC895.07	O94534
SPCC895.08c	O94535
SPCC895.09c	O94536
SPCC962.01	O14065
SPCC962.02c	O14064
SPCC962.03c	O14063
SPCC962.04	O14062
SPCC962.05	O14061
SPCC962.06c	O74555
SPCC965.03	O59823
SPCC965.04c	O59824
SPCC965.05c	O59825
SPCC965.06	O59826
SPCC965.07c	O59827
SPCC965.08c	O59828
SPCC965.09	O59829
SPCC965.10	O59830
SPCC965.11c	O59831
SPCC965.12	O59832
SPCC965.13	O59833
SPCC965.14c	O59834
SPCC970.01	P36617
SPCC970.02	O74556
SPCC970.03	O74557
SPCC970.04c	O74558
SPCC970.05	Q92365
SPCC970.06	O74559
SPCC970.07c	O74560
SPCC970.08	O74561
SPCC970.09	O74562
SPCC970.10c	O74563
SPCC970.11c	O74564
SPCC970.12	Q9P802
SPCP1E11.02	Q9UU85
SPCP1E11.03	Q9UU84
SPCP1E11.04c	Q9UU83
SPCP1E11.05c	Q9UU82
SPCP1E11.06	Q9UU81
SPCP1E11.07c	Q9UU80
SPCP1E11.08	Q9UU79
SPCP1E11.09c	Q9UU78
SPCP1E11.10	Q9UU77
SPCP1E11.11	Q9UU76
SPCP20C8.01c	Q9HDT8
SPCP20C8.02c	Q9HDT7
SPCP20C8.04	G2TRT2
SPCP25A2.02c	Q9UR24
SPCP25A2.03	Q9URT2
SPCP31B10.02	Q9USH2
SPCP31B10.03c	Q9USH1
SPCP31B10.04	Q9USH0
SPCP31B10.05	Q9USG9
SPCP31B10.06	Q9USG8
SPCP31B10.07	O14460
SPCP31B10.08c	Q9USG6
SPCPB16A4.02c	Q96WV2
SPCPB16A4.03c	O74928
SPCPB16A4.04c	Q96WV1
SPCPB16A4.05c	Q96WV0
SPCPB16A4.06c	Q96WU9
SPCPB16A4.07	G2TRU3
SPCPB1C11.01	Q9C0V1
SPCPB1C11.02	Q9C0V0
SPCPB1C11.03	Q9C0U9
SPCPJ732.01	Q9C0U7
SPCPJ732.02c	Q9C0U6
SPCPJ732.03	Q96WS6
SPMIT.01	P07657
SPMIT.02	P22191
SPMIT.03	P22190
SPMIT.04	P14575
SPMIT.05	P05501
SPMIT.06	P05511
SPMIT.07	P21535
SPMIT.08	P21547
SPMIT.09	P21536
SPMIT.10	P21537
SPMIT.11	P21534
SPMTR.01	P10841
SPMTR.02	P10842
SPMTR.03	C7U330
SPMTR.04	C7U331
